DATE_TIME,TEMPERATURE,RELATIVE_HUMIDITY,SOLAR_RADIATION,PRECIPITATION,WINDSPEED,WIND_DIRECTION,FLOW_RATE,WINDSPEED_SCALAR,SHELTER_TEMPERATURE,OZONE_LEVEL
05/20/2013 03:00:00,8.0,95.0,0.0,0.0,0.6,94.0,3.01,0.7,23.0,Low
05/21/2013 06:00:00,5.9,95.0,30.0,0.5,0.5,342.0,3.01,0.7,22.8,High
07/03/2013 22:00:00,14.3,80.0,0.0,0.0,0.5,266.0,3.01,0.6,24.9,Normal
10/24/2010 21:00:00,5.1999,100.0,1.0,2.7,0.6999,87.0,3.0,1.2,21.2999,Normal
10/29/2010 02:00:00,6.6999,100.0,1.0,0.1,1.0,101.0,3.0,1.1,21.9,Low
09/21/2010 05:00:00,7.0,97.0,2.0,0.0,1.3,110.0,2.3699,1.4,22.0,Low
09/22/2010 13:00:00,15.0,80.0,264.0,0.0,0.4,236.0,3.0,0.6999,23.7,Low
06/04/2013 16:00:00,23.7,50.0,359.0,0.0,0.1,241.0,3.01,0.8,24.3,High
05/26/2013 08:00:00,10.2,94.0,230.0,0.0,0.8,100.0,3.01,1.1,22.8,Low
06/05/2013 11:00:00,23.6,54.0,897.0,0.0,1.3,212.0,3.01,1.4,24.6,High
03/08/2007 04:00:00,3.0999,98.0,0.0,0.6,0.5,43.0,2.64,0.8999,22.4,Normal
01/14/2007 09:00:00,-8.6999,90.0,9.0,0.0,1.3,85.0,2.41,1.3,20.5,Low
05/03/2007 10:00:00,8.6,67.0,859.0,0.0,1.2,255.0,2.47,1.8,25.0,High
05/03/2007 12:00:00,9.8,55.0,942.0,0.0,1.0,249.0,2.46,2.0999,26.7999,High
01/15/2007 04:00:00,-7.4,93.0,1.0,0.0,1.7,81.0,2.38,1.7,20.6,Low
01/16/2007 09:00:00,0.4,97.0,11.0,1.0,1.4,94.0,1.98,1.4,21.6,Normal
01/08/2007 04:00:00,2.0999,100.0,0.0,0.0,0.8,79.0,2.3699,0.8999,22.2999,Normal
03/10/2007 13:00:00,11.4,66.0,112.0,0.0,1.4,70.0,3.01,1.9,24.2,High
03/11/2007 14:00:00,15.1,74.0,69.0,0.0,0.8,51.0,3.01,1.6,24.6,Normal
02/28/2007 11:00:00,-0.1,96.0,14.0,0.3,0.6999,205.0,2.54,0.8999,21.7999,High
02/28/2007 22:00:00,-1.8,97.0,0.0,0.3,0.3,347.0,2.23,0.5,21.5,High
03/13/2007 16:00:00,6.8,59.0,100.0,0.0,1.0,280.0,3.01,1.2,23.5,High
05/08/2007 03:00:00,5.9,92.0,0.0,0.0,1.7,76.0,2.27,1.7,24.6,Low
03/01/2007 14:00:00,-0.2,84.0,23.0,0.0,0.2,260.0,2.7,0.6999,22.5,High
03/06/2007 09:00:00,9.1,79.0,388.0,0.0,0.4,84.0,2.64,0.8,23.4,Low
03/06/2007 11:00:00,18.6,34.0,585.0,0.0,0.1,354.0,2.48,1.8,24.0,High
03/06/2007 14:00:00,19.6,27.0,487.0,0.0,1.9,80.0,3.01,2.5,27.2,High
01/18/2007 10:00:00,0.6999,98.0,13.0,0.0,1.8,99.0,0.2599,1.9,22.0,Normal
01/19/2007 11:00:00,3.0999,99.0,74.0,0.0,1.3,87.0,0.11,1.4,22.4,Normal
04/24/2007 15:00:00,12.0,71.0,201.0,0.0,0.8,249.0,2.48,1.2,25.0,Normal
04/25/2007 13:00:00,9.3999,65.0,258.0,0.0,0.0,68.0,0.2899,1.2,25.0,High
03/14/2007 08:00:00,2.2,96.0,102.0,0.0,0.5,16.0,2.72,0.8,22.1,Normal
03/21/2007 15:00:00,7.8,57.0,149.0,0.0,0.6,276.0,2.24,1.0,22.9,High
03/22/2007 10:00:00,10.3,59.0,397.0,0.0,1.1,259.0,1.98,1.6,22.2999,High
03/23/2007 14:00:00,9.0,98.0,45.0,0.8999,1.5,73.0,0.93,1.6,22.1,Normal
04/30/2007 21:00:00,5.0,96.0,0.0,0.8999,0.6999,216.0,0.93,0.8999,24.7999,High
05/01/2007 01:00:00,4.1999,98.0,0.0,0.1,0.5,207.0,0.93,0.6999,23.9,Normal
04/26/2007 09:00:00,10.9,67.0,253.0,0.0,0.6,243.0,0.25,1.0,25.0,High
04/26/2007 12:00:00,12.7,60.0,467.0,0.0,1.0,243.0,0.86,1.3,25.6,High
04/26/2007 14:00:00,13.6,57.0,385.0,0.0,1.0,257.0,1.04,1.4,26.7999,High
04/26/2007 17:00:00,12.3,62.0,57.0,0.0,0.5,286.0,1.1,0.8999,26.7999,High
04/27/2007 16:00:00,14.2,71.0,123.0,0.0,0.8,283.0,1.16,1.1,27.5,Normal
01/03/2007 05:00:00,3.5999,99.0,0.0,0.6999,1.5,93.0,2.4,1.6,22.4,Normal
01/04/2007 07:00:00,0.3,99.0,0.0,1.1,0.2,124.0,2.42,0.8,21.7999,Normal
03/08/2007 00:00:00,3.4,97.0,0.0,0.2,0.6999,9.0,2.66,1.2,22.7,Normal
05/10/2007 16:00:00,18.0,41.0,327.0,0.0,1.4,211.0,2.0699,1.5,28.1,High
02/15/2007 20:00:00,7.0,99.0,0.0,0.0,0.5,56.0,2.38,0.8,23.5,Normal
02/16/2007 06:00:00,4.0,99.0,0.0,0.0,1.7,107.0,2.3,1.8,22.7999,Low
08/14/2007 20:00:00,17.5,80.0,1.0,0.0,0.5,80.0,3.01,0.5,26.4,Normal
08/15/2007 13:00:00,27.6,46.0,731.0,0.0,1.2,189.0,2.14,1.4,26.9,High
08/16/2007 06:00:00,13.6,88.0,56.0,0.0,0.3,271.0,1.8,0.6,23.2999,Low
12/10/2007 16:00:00,0.8999,100.0,2.0,0.0,0.1,110.0,0.67,0.2,22.5,Low
01/02/2007 08:00:00,11.3,78.0,3.0,0.0,0.6999,289.0,2.71,1.5,23.6,Normal
02/24/2007 07:00:00,2.0999,96.0,8.0,0.8,2.5,77.0,2.3299,2.7,21.9,High
02/18/2007 03:00:00,3.5999,98.0,0.0,0.3,0.3,41.0,2.67,0.8,23.2,Normal
12/05/2007 01:00:00,5.5,99.0,0.0,0.0,1.0,88.0,3.02,1.1,22.5,Low
02/19/2007 02:00:00,2.3,99.0,0.0,0.0,1.1,87.0,2.39,1.2,22.7,Low
07/10/2007 22:00:00,17.5,81.0,1.0,0.0,0.8,43.0,2.19,0.8999,26.4,Normal
04/14/2007 04:00:00,6.0999,98.0,1.0,0.5,0.5,77.0,2.52,0.8999,20.6,Normal
04/15/2007 15:00:00,10.4,48.0,226.0,0.0,1.1,201.0,2.98,1.3,22.5,High
02/21/2007 13:00:00,6.0999,60.0,506.0,0.0,2.4,93.0,2.71,2.5999,24.5,High
02/22/2007 04:00:00,1.2,97.0,0.0,0.1,1.4,90.0,2.23,1.5,22.2,Normal
02/23/2007 15:00:00,1.9,87.0,283.0,0.0,0.6,322.0,2.73,1.2,23.2999,High
02/23/2007 20:00:00,-0.1,98.0,0.0,0.0,1.8,97.0,2.66,1.8,22.1,Normal
04/17/2007 15:00:00,4.4,93.0,80.0,1.2,1.6,101.0,2.6199,1.8,24.0,Normal
05/12/2007 02:00:00,5.0,96.0,0.0,0.0,0.5,77.0,2.0899,0.6999,24.5,Low
05/18/2013 20:00:00,9.7,95.0,0.0,1.1,0.2,16.0,3.01,0.4,23.8,Low
06/08/2013 04:00:00,9.7,95.0,4.0,0.0,0.5,219.0,3.01,0.6,23.6,Low
08/02/2012 23:00:00,12.8,94.0,1.0,0.0,0.1,170.0,2.98,0.5,24.6,Low
08/03/2012 07:00:00,15.5,84.0,345.0,0.0,1.1,110.0,2.98,1.3,24.1,Low
06/05/2012 22:00:00,5.4,92.0,1.0,0.0,0.2,53.0,3.0,0.4,22.4,Low
08/04/2012 02:00:00,12.5,95.0,1.0,0.0,0.8999,68.0,2.98,1.0,24.4,Low
08/11/2012 01:00:00,10.0,95.0,1.0,0.0,1.0,61.0,2.98,1.0,23.6,Low
04/29/2013 02:00:00,6.8,93.0,0.0,0.1,1.9,214.0,3.01,2.3,22.4,High
07/30/2012 06:00:00,12.8,85.0,41.0,0.0,0.6,234.0,2.98,0.6999,18.2999,Low
08/10/2012 12:00:00,22.9,60.0,797.0,0.0,1.2,195.0,2.98,1.4,24.1,Normal
06/06/2012 21:00:00,8.5,80.0,1.0,0.0,1.5,109.0,3.0,1.6,23.7999,Low
08/01/2012 15:00:00,22.5,61.0,580.0,0.0,1.2,210.0,2.98,1.3,24.2,High
06/09/2012 10:00:00,9.3999,90.0,192.0,0.0,0.1,260.0,3.0,0.2,23.2,Low
06/11/2012 13:00:00,22.2,41.0,821.0,0.0,1.0,205.0,3.0,1.4,23.6,High
06/11/2012 14:00:00,23.0,42.0,697.0,0.0,1.0,204.0,3.0,1.3,23.5,High
08/05/2012 07:00:00,17.2,85.0,352.0,0.0,0.4,92.0,2.98,0.4,24.4,Low
08/05/2012 21:00:00,21.1,82.0,1.0,0.0,0.3,288.0,2.98,0.5,25.5,Normal
08/12/2012 18:00:00,23.0,69.0,26.0,0.0,0.4,34.0,2.98,0.5,24.5,High
08/06/2012 10:00:00,25.2,72.0,661.0,0.0,0.8999,213.0,2.98,1.1,25.4,Normal
08/07/2012 12:00:00,20.4,77.0,646.0,0.0,1.1,230.0,2.98,1.3,24.6,Normal
06/20/2012 21:00:00,13.5,84.0,1.0,0.0,0.2,74.0,3.0,0.2,25.2,Low
08/13/2012 13:00:00,28.5,46.0,752.0,0.0,1.0,194.0,2.98,1.3,23.7,High
05/19/2007 08:00:00,10.6,76.0,304.0,0.0,1.0,271.0,2.9,1.6,25.2999,High
05/15/2007 06:00:00,9.3999,79.0,201.0,0.0,0.6,78.0,1.44,0.8,24.4,Low
11/07/2007 20:00:00,8.1,100.0,0.0,0.0,0.5,75.0,3.02,0.5,23.2,Low
05/16/2007 15:00:00,17.2999,50.0,437.0,0.0,1.1,202.0,2.89,1.5,27.9,High
05/17/2007 06:00:00,4.8,91.0,209.0,0.0,0.6999,72.0,2.66,0.6999,24.0,Low
11/10/2007 05:00:00,7.5999,97.0,0.0,0.0,1.4,215.0,3.02,1.6,23.2999,Normal
11/13/2007 19:00:00,1.3,99.0,0.0,0.0,1.5,111.0,3.02,1.6,22.0,Low
11/14/2007 09:00:00,8.5,38.0,59.0,0.0,3.0,97.0,3.02,3.5,22.0,High
11/14/2007 13:00:00,11.8,30.0,179.0,0.0,3.5,90.0,3.02,3.9,22.7999,High
08/02/2007 17:00:00,24.4,45.0,29.0,0.0,0.2,325.0,2.1099,0.6999,26.4,High
08/02/2007 20:00:00,17.9,66.0,1.0,0.0,0.4,54.0,2.1099,0.6,26.2999,Normal
05/22/2007 14:00:00,13.8,73.0,381.0,0.0,1.0,192.0,1.87,1.3,26.5,Normal
05/24/2007 03:00:00,4.4,96.0,0.0,0.0,1.3,76.0,2.3099,1.3,24.0,Low
11/15/2007 21:00:00,8.1,99.0,0.0,2.9,1.3,74.0,3.02,1.5,22.9,Normal
05/25/2007 05:00:00,5.0999,88.0,51.0,0.0,1.8,80.0,2.78,1.9,23.9,Low
07/24/2007 22:00:00,10.2,98.0,3.0,0.0,0.1,120.0,3.01,0.3,23.1,Low
07/26/2007 09:00:00,17.5,82.0,676.0,0.0,1.2,213.0,1.38,1.4,25.6,Low
07/26/2007 19:00:00,16.6,85.0,9.0,0.0,0.4,55.0,1.38,0.5,26.2999,Normal
07/26/2007 21:00:00,13.8,96.0,2.0,0.0,0.0,171.0,1.38,0.3,25.2,Low
11/12/2007 09:00:00,5.9,96.0,14.0,2.9,2.5,75.0,3.01,3.0,22.1,High
08/08/2007 07:00:00,13.7,97.0,108.0,0.2,0.2,277.0,1.04,0.4,23.4,Low
08/09/2007 09:00:00,15.8,65.0,581.0,0.0,0.8,214.0,1.26,1.2,25.1,Normal
11/19/2007 02:00:00,1.1,100.0,0.0,0.0,1.0,89.0,3.02,1.1,21.7999,Low
11/19/2007 11:00:00,3.8,96.0,89.0,0.0,0.2,82.0,3.02,0.5,22.1,Normal
11/22/2007 22:00:00,-2.4,100.0,0.0,0.0,1.0,88.0,2.79,1.0,21.0,Low
11/29/2007 03:00:00,0.5,100.0,0.0,2.0999,1.3,84.0,1.6,1.4,21.6,Normal
11/29/2007 09:00:00,0.2,100.0,26.0,0.4,0.2,252.0,1.14,0.2,21.2999,Normal
11/23/2007 16:00:00,1.7,97.0,3.0,0.0,0.4,74.0,2.94,0.5,22.1,Low
05/09/2013 20:00:00,13.9,81.0,0.0,0.0,0.7,79.0,3.01,0.7,25.8,Normal
07/04/2009 06:00:00,11.7,83.0,247.0,0.0,0.5,78.0,3.04,0.6,24.2999,Low
07/04/2009 13:00:00,28.7999,36.0,844.0,0.0,1.0,223.0,3.04,1.2,26.2999,High
07/04/2009 19:00:00,22.2,47.0,25.0,0.0,0.1,329.0,3.04,1.0,26.7999,High
07/04/2009 22:00:00,15.6,74.0,3.0,0.0,0.6999,72.0,3.04,0.6999,26.7999,High
08/28/2009 13:00:00,24.2999,35.0,348.0,0.0,0.4,205.0,3.04,0.8,24.7,High
03/13/2009 16:00:00,12.1,41.0,141.0,0.0,0.8999,288.0,2.97,1.2,26.7,High
03/14/2009 03:00:00,1.0,87.0,0.0,0.0,1.0,114.0,2.97,1.2,21.9,Low
03/15/2009 03:00:00,0.3,95.0,0.0,0.0,0.8999,97.0,2.98,1.0,21.5,High
05/03/2009 15:00:00,17.6,40.0,415.0,0.0,0.8,238.0,2.97,1.1,26.7,High
05/03/2009 17:00:00,14.6,46.0,93.0,0.0,0.2,262.0,2.97,0.6999,26.4,High
05/04/2009 11:00:00,14.7,43.0,213.0,0.0,1.9,108.0,2.97,2.4,24.4,High
05/06/2009 10:00:00,8.3,92.0,331.0,0.5,1.3,82.0,0.69,1.5,22.9,Normal
05/09/2009 12:00:00,15.5,55.0,855.0,0.0,1.9,221.0,0.7799,2.0,26.1,High
05/08/2013 21:00:00,11.1,94.0,0.0,0.0,0.7,78.0,3.01,0.8,24.7,Low
07/01/2009 21:00:00,13.5,72.0,3.0,0.0,0.5,88.0,3.04,0.5,26.2999,Normal
09/06/2009 02:00:00,11.2,92.0,2.0,5.3,0.0,138.0,3.04,0.2,23.5,Low
09/06/2009 05:00:00,9.5,96.0,4.0,0.2,0.6999,98.0,3.04,1.0,23.2999,Normal
03/26/2009 05:00:00,-1.8,94.0,0.0,0.0,1.0,90.0,0.74,1.0,21.2,Low
03/26/2009 11:00:00,7.6999,66.0,451.0,0.0,0.5,121.0,1.45,0.8999,23.5,High
08/25/2009 10:00:00,14.0,82.0,98.0,0.0,0.4,320.0,3.04,0.5,23.2999,Normal
08/25/2009 14:00:00,18.9,62.0,382.0,0.0,0.8,212.0,3.04,1.1,25.0,Normal
08/26/2009 15:00:00,22.7,49.0,244.0,0.0,0.3,305.0,3.04,0.6,24.7,High
08/26/2009 17:00:00,21.2999,53.0,40.0,0.0,0.3,349.0,3.04,0.4,24.6,High
07/09/2009 05:00:00,8.6,93.0,30.0,0.0,0.8,88.0,1.4299,0.8,24.2,Low
03/22/2009 07:00:00,2.0999,95.0,35.0,0.0,0.5,97.0,0.6399,0.8,21.7999,Low
03/24/2009 23:00:00,2.3,95.0,0.0,2.5999,1.1,103.0,2.98,1.2,22.2,Normal
05/22/2009 07:00:00,10.1,86.0,411.0,0.0,0.3,237.0,3.04,0.5,22.7999,Low
05/22/2009 16:00:00,20.1,44.0,316.0,0.0,0.8,234.0,3.04,1.0,19.7,High
03/22/2009 13:00:00,3.7,91.0,183.0,0.5,0.5,279.0,0.69,0.8999,22.4,High
05/11/2009 13:00:00,12.8,61.0,467.0,0.0,0.8999,280.0,1.21,1.5,25.5,High
05/12/2009 18:00:00,6.1999,95.0,39.0,0.1,0.2,20.0,2.97,0.4,23.0,Normal
05/12/2009 23:00:00,3.5999,95.0,6.0,0.0,0.2,24.0,2.42,0.3,22.4,Low
07/11/2009 05:00:00,10.4,94.0,26.0,0.0,0.8,85.0,2.1199,0.8,24.7999,Low
07/11/2009 10:00:00,25.0,56.0,763.0,0.0,1.3,215.0,2.5599,1.4,26.2999,High
07/11/2009 11:00:00,25.9,52.0,817.0,0.0,1.4,220.0,2.5699,1.5,26.2999,High
05/13/2009 11:00:00,8.3,68.0,182.0,0.0,0.5,67.0,0.99,1.6,23.5,Normal
03/18/2009 22:00:00,4.3,88.0,0.0,0.0,1.4,126.0,2.66,1.5,22.5,Normal
05/07/2009 21:00:00,4.9,95.0,6.0,0.0,0.6999,67.0,1.01,0.8,22.9,Normal
07/08/2009 11:00:00,13.5,73.0,134.0,0.0,0.5,306.0,3.04,0.6999,25.7,Normal
08/30/2009 22:00:00,13.5,93.0,0.0,0.0,0.2,80.0,3.04,0.2,29.7,Low
06/30/2009 17:00:00,19.6,43.0,108.0,0.0,0.4,50.0,3.04,0.8999,26.7999,High
08/23/2009 15:00:00,17.1,59.0,196.0,0.0,0.1,302.0,3.04,1.1,24.9,High
09/05/2009 16:00:00,15.5,76.0,199.0,0.0,0.8,328.0,3.04,1.0,26.7,Normal
07/19/2009 15:00:00,25.1,41.0,615.0,0.0,0.2,219.0,3.04,0.3,27.1,High
07/19/2009 17:00:00,22.0,48.0,33.0,0.0,0.1,191.0,3.04,0.2,27.1,High
07/19/2009 18:00:00,20.0,54.0,21.0,0.0,0.1,358.0,3.04,0.2,27.4,High
05/29/2009 15:00:00,27.7,42.0,617.0,0.0,1.4,224.0,3.04,1.5,26.9,High
07/20/2009 19:00:00,20.5,70.0,18.0,0.0,0.6999,31.0,3.04,1.4,27.5,High
07/23/2009 14:00:00,19.2999,67.0,564.0,0.0,0.1,227.0,3.04,0.3,20.5,Normal
07/24/2009 15:00:00,25.6,54.0,590.0,0.0,0.2,218.0,3.04,0.2,20.9,Normal
07/14/2009 14:00:00,22.5,54.0,742.0,0.0,1.2,211.0,3.04,1.4,27.0,High
07/25/2009 17:00:00,26.4,52.0,90.0,0.0,0.1,315.0,3.04,0.6999,21.1,High
07/22/2009 10:00:00,22.7,62.0,758.0,0.0,0.6,231.0,3.04,0.6999,20.5,Normal
07/15/2009 13:00:00,25.7999,43.0,806.0,0.0,0.2,213.0,3.04,0.2,26.4,High
07/15/2009 14:00:00,27.2,41.0,725.0,0.0,0.2,221.0,3.04,0.2,26.7999,High
04/12/2008 14:00:00,26.4,20.0,668.0,0.0,0.6999,103.0,2.69,1.9,27.1,High
04/17/2008 10:00:00,10.7,70.0,733.0,0.0,1.8,216.0,3.0,2.0,25.2999,Normal
04/17/2008 11:00:00,10.7,63.0,558.0,0.0,1.8,219.0,3.0,1.9,26.2,High
04/17/2008 18:00:00,7.5999,68.0,13.0,0.0,1.1,226.0,2.99,1.3,25.1,High
04/17/2008 22:00:00,5.1999,77.0,0.0,0.0,1.1,220.0,2.99,1.3,24.2999,High
06/05/2008 03:00:00,6.0,97.0,0.0,0.0,1.0,107.0,2.99,1.1,23.2,Low
04/19/2008 12:00:00,0.5,87.0,35.0,1.4,0.1,335.0,2.99,0.8999,22.7,High
07/18/2008 16:00:00,19.0,62.0,506.0,0.0,1.2,206.0,2.99,1.3,24.0,Normal
05/31/2008 11:00:00,10.8,94.0,110.0,0.5,0.2,270.0,2.99,0.3,23.7999,Low
04/06/2008 05:00:00,3.0999,96.0,2.0,0.3,0.5,96.0,2.0599,0.6,23.2999,Normal
04/26/2008 14:00:00,20.2999,17.0,563.0,0.0,0.6999,89.0,1.23,1.6,27.4,High
03/30/2008 10:00:00,1.9,83.0,315.0,0.0,0.2,207.0,3.0,0.5,23.6,High
03/30/2008 23:00:00,-0.8999,95.0,0.0,0.0,0.3,81.0,2.99,0.4,22.7999,Normal
04/07/2008 15:00:00,5.5,81.0,163.0,0.8999,0.5,258.0,3.0,1.0,25.1,High
04/07/2008 16:00:00,4.1999,93.0,103.0,1.2,0.3,357.0,3.0,0.5,24.7,Normal
04/08/2008 04:00:00,1.2,96.0,0.0,0.0,0.2,51.0,3.0,0.2,23.4,Low
04/08/2008 12:00:00,3.7,83.0,250.0,0.1,0.2,75.0,3.0,0.8,24.1,High
03/31/2008 13:00:00,5.3,52.0,398.0,0.0,1.2,258.0,3.0,1.5,25.7999,High
04/09/2008 11:00:00,8.6999,52.0,717.0,0.0,0.8,185.0,3.0,1.6,25.4,High
06/02/2008 17:00:00,13.7,67.0,116.0,0.0,0.2,234.0,2.99,0.3,25.6,Normal
02/19/2008 16:00:00,9.3,62.0,75.0,0.0,0.5,235.0,3.0,0.6999,25.6,Normal
04/02/2008 10:00:00,7.0,51.0,666.0,0.0,1.5,212.0,3.0,1.7,24.2999,High
04/14/2008 14:00:00,4.8,79.0,149.0,0.4,0.5,180.0,2.93,1.3,24.2999,High
07/19/2008 17:00:00,19.0,63.0,45.0,0.0,0.2,340.0,2.99,0.5,23.7,High
06/03/2008 17:00:00,8.8999,95.0,29.0,0.2,0.6,308.0,2.99,0.6999,23.9,Normal
04/15/2008 20:00:00,2.4,96.0,0.0,0.0,0.1,25.0,2.42,0.2,23.4,Normal
04/16/2008 13:00:00,9.3,68.0,321.0,0.0,0.6,208.0,3.0,1.0,24.9,High
07/20/2008 09:00:00,19.7,66.0,670.0,0.0,0.8999,214.0,2.99,1.1,22.6,Normal
04/02/2008 17:00:00,8.3,48.0,28.0,0.0,0.6,20.0,3.0,1.3,27.1,High
04/03/2008 11:00:00,12.7,35.0,618.0,0.0,1.0,232.0,3.0,1.5,26.0,High
06/08/2008 07:00:00,7.6999,89.0,132.0,0.0,0.2,254.0,1.41,0.2,23.5,Normal
04/03/2008 16:00:00,12.6,42.0,194.0,0.0,0.2,259.0,3.0,0.5,27.7,High
02/27/2008 03:00:00,1.2,92.0,0.0,0.0,1.1,76.0,2.99,1.2,23.2999,Low
04/20/2008 08:00:00,1.0,79.0,273.0,0.0,0.1,323.0,2.99,0.2,23.0,High
04/21/2008 12:00:00,6.6999,57.0,685.0,0.0,1.2,237.0,3.0,1.4,25.2999,High
04/21/2008 13:00:00,7.4,48.0,774.0,0.0,1.1,255.0,3.0,1.8,25.6,High
06/19/2008 18:00:00,17.6,61.0,24.0,0.0,0.4,352.0,2.99,0.5,26.0,High
03/12/2008 14:00:00,8.8,57.0,224.0,0.0,0.4,232.0,0.8299,0.6999,25.2999,High
04/22/2008 11:00:00,9.1999,55.0,263.0,0.0,0.1,207.0,3.0,1.2,24.4,High
04/22/2008 15:00:00,9.6,50.0,121.0,0.0,2.9,96.0,3.0,3.4,25.1,High
03/12/2008 20:00:00,4.4,93.0,0.0,0.0,0.2,52.0,0.88,0.2,24.2999,Low
03/13/2008 21:00:00,2.9,96.0,0.0,0.4,1.1,107.0,0.13,1.2,23.5,Normal
04/23/2008 14:00:00,5.1999,91.0,195.0,0.6,1.3,76.0,1.83,1.5,24.4,High
06/15/2008 17:00:00,17.2,55.0,127.0,0.0,0.0,319.0,2.99,0.5,25.7,High
01/09/2008 22:00:00,2.7,95.0,0.0,0.6999,3.0,71.0,3.02,3.3,22.7,High
01/10/2008 01:00:00,2.8,98.0,0.0,0.8999,1.8,68.0,3.02,2.0,22.7,High
05/04/2008 12:00:00,13.7,68.0,831.0,0.0,1.5,224.0,2.99,1.7,27.5,Normal
06/16/2008 08:00:00,14.6,69.0,596.0,0.0,0.5,244.0,2.99,0.8,24.9,Normal
01/11/2008 03:00:00,3.0,100.0,0.0,1.1,1.0,92.0,2.55,1.0,23.1,Normal
03/02/2008 02:00:00,1.1,97.0,0.0,0.0,0.1,71.0,2.99,0.2,23.4,Low
03/02/2008 08:00:00,1.1,96.0,107.0,0.0,1.1,113.0,2.99,1.2,23.2,Low
05/07/2008 04:00:00,5.6999,89.0,0.0,0.0,0.6,217.0,2.99,0.6,23.6,Normal
03/04/2008 08:00:00,1.8,95.0,63.0,0.5,0.1,267.0,2.99,0.5,23.2999,Normal
05/05/2008 08:00:00,11.9,74.0,389.0,0.0,0.6,139.0,2.99,1.1,24.9,Normal
05/05/2008 16:00:00,18.1,47.0,290.0,0.0,0.8999,221.0,2.99,1.2,27.4,High
07/02/2008 08:00:00,19.4,72.0,509.0,0.0,0.5,251.0,2.99,0.6,22.2999,Normal
07/02/2008 21:00:00,18.7999,91.0,3.0,0.3,0.1,18.0,2.99,0.6999,22.1,High
03/07/2008 00:00:00,1.7,92.0,0.0,0.0,1.5,89.0,3.0,1.5,23.6,Low
04/27/2008 15:00:00,18.7999,39.0,380.0,0.0,0.8,221.0,1.41,1.1,27.6,High
04/27/2008 20:00:00,10.7,85.0,0.0,0.0,0.3,82.0,1.46,0.4,26.2,Normal
01/03/2008 04:00:00,4.0999,100.0,0.0,0.2,1.9,91.0,0.9499,2.0,23.0,Normal
03/07/2008 13:00:00,9.6,67.0,162.0,0.0,0.3,326.0,2.3599,0.8999,24.4,Normal
04/29/2008 14:00:00,7.1999,71.0,320.0,0.6999,0.6999,214.0,2.99,1.2,25.2,High
04/29/2008 17:00:00,7.1999,66.0,98.0,0.0,1.2,231.0,2.99,1.3,25.1,High
05/01/2008 17:00:00,10.8,49.0,39.0,0.0,0.3,334.0,2.99,0.6999,27.6,High
05/02/2008 00:00:00,1.7,91.0,0.0,0.0,1.6,94.0,2.99,1.6,23.6,Low
05/02/2008 07:00:00,5.5,85.0,164.0,0.0,0.4,84.0,2.99,0.5,23.7999,Low
05/02/2008 21:00:00,8.1999,81.0,0.0,0.0,0.6,73.0,2.99,0.6,25.5,Normal
01/04/2008 17:00:00,6.8,76.0,0.0,0.1,2.5,68.0,1.28,2.8,23.4,High
02/24/2008 12:00:00,12.7,44.0,576.0,0.0,1.2,212.0,3.0,1.5,26.2999,High
02/26/2008 00:00:00,0.5,96.0,0.0,0.0,0.8999,82.0,2.91,1.0,23.2999,Low
09/07/2008 06:00:00,8.1999,94.0,54.0,0.0,0.8999,84.0,2.99,0.8999,22.2999,Low
09/08/2008 15:00:00,24.7,36.0,458.0,0.0,0.4,138.0,2.99,1.2,24.7,High
11/12/2008 04:00:00,12.0,95.0,0.0,5.5,0.3,64.0,2.99,0.5,24.0,Low
09/13/2008 21:00:00,11.9,89.0,0.0,0.0,0.6999,52.0,2.99,0.8,23.9,Low
09/08/2008 20:00:00,14.4,77.0,0.0,0.0,0.1,339.0,2.99,0.5,24.7,Normal
12/24/2008 20:00:00,0.2,95.0,0.0,0.1,0.6999,107.0,0.93,0.8,21.7999,Low
12/25/2008 05:00:00,-1.3,95.0,0.0,0.0,0.6999,101.0,0.5699,0.8999,21.6,Normal
09/02/2008 23:00:00,7.3,94.0,0.0,0.0,0.8999,69.0,2.99,0.8999,22.4,Low
10/29/2008 19:00:00,6.8,94.0,0.0,0.0,0.4,88.0,2.99,0.5,24.0,Low
11/20/2008 16:00:00,5.6999,95.0,4.0,0.8999,0.4,327.0,2.97,0.6,22.9,Normal
11/22/2008 02:00:00,3.2,95.0,0.0,0.0,0.4,90.0,2.97,0.6,22.5,Low
11/22/2008 11:00:00,5.5,91.0,134.0,0.0,0.4,128.0,2.97,0.5,23.0,Normal
12/27/2008 10:00:00,1.8,95.0,20.0,0.1,1.6,109.0,0.15,1.7,21.7999,Low
07/07/2013 23:00:00,14.3,94.0,0.0,0.0,0.7,229.0,3.01,0.7,24.7,Low
06/06/2013 15:00:00,23.8,50.0,424.0,0.0,1.0,215.0,3.01,1.2,24.3,High
04/19/2009 18:00:00,16.1,57.0,14.0,0.0,0.4,79.0,2.1199,0.5,26.7999,Normal
04/20/2009 02:00:00,4.4,91.0,0.0,0.0,1.3,96.0,2.15,1.3,23.0,Low
04/20/2009 12:00:00,22.7,35.0,789.0,0.0,1.5,220.0,2.23,1.7,26.2,High
06/17/2009 19:00:00,15.5,84.0,22.0,0.0,0.2,346.0,3.04,0.6,26.5,Normal
04/21/2009 10:00:00,20.9,38.0,736.0,0.0,1.2,234.0,2.97,1.5,25.1,High
06/19/2009 16:00:00,14.4,92.0,222.0,0.2,0.5,72.0,3.04,0.8,24.9,Normal
06/20/2009 16:00:00,12.8,80.0,172.0,0.0,0.2,224.0,3.04,0.5,25.7,Normal
04/23/2009 09:00:00,6.0,60.0,333.0,0.0,1.2,221.0,2.97,1.5,22.9,High
04/23/2009 17:00:00,7.6999,51.0,69.0,0.0,0.0,4.0,2.97,0.6,23.9,High
04/16/2009 11:00:00,11.9,54.0,596.0,0.0,0.6999,235.0,2.97,1.3,24.4,Normal
04/23/2009 04:00:00,1.8,80.0,0.0,0.0,0.2,56.0,2.97,0.4,22.2,Normal
06/15/2009 00:00:00,12.5,87.0,4.0,0.0,0.3,233.0,1.69,0.3,25.1,Normal
04/24/2009 20:00:00,6.1999,56.0,0.0,0.0,0.4,82.0,2.97,0.6,23.7,High
04/24/2009 21:00:00,4.5999,64.0,0.0,0.0,0.8,84.0,2.97,0.8999,23.2999,High
08/14/2009 23:00:00,10.6,96.0,1.0,0.0,0.5,271.0,3.04,0.6,26.2,Low
03/13/2009 02:00:00,-1.7,93.0,0.0,0.0,1.4,92.0,2.98,1.5,21.1,Normal
03/13/2009 04:00:00,-2.0999,93.0,0.0,0.0,1.4,78.0,2.98,1.4,20.9,Normal
03/13/2009 07:00:00,-2.0999,92.0,86.0,0.0,1.5,89.0,2.98,1.6,20.7999,Low
05/03/2009 04:00:00,3.3,95.0,7.0,0.0,0.8999,117.0,2.97,1.1,22.2999,Low
03/11/2009 16:00:00,3.4,64.0,85.0,0.0,0.5,54.0,2.98,1.3,23.7999,High
03/11/2009 21:00:00,-2.0999,91.0,0.0,0.0,1.0,90.0,2.98,1.0,21.4,Normal
06/27/2009 20:00:00,15.7,58.0,13.0,0.0,0.4,83.0,3.03,0.6,19.7999,Normal
06/28/2009 01:00:00,11.9,80.0,12.0,0.0,0.2,249.0,3.03,0.4,19.5,Low
08/18/2009 15:00:00,27.4,49.0,526.0,0.0,0.3,209.0,3.04,0.6999,25.0,High
08/20/2009 13:00:00,28.0,53.0,702.0,0.0,0.8,241.0,3.04,1.0,24.9,High
08/21/2009 03:00:00,13.7,92.0,2.0,0.0,0.5,234.0,3.04,0.6,24.5,Low
06/21/2009 20:00:00,9.8,75.0,5.0,0.0,0.4,216.0,3.04,0.8,24.5,Normal
03/19/2009 21:00:00,6.0,95.0,0.0,0.4,2.0,113.0,1.0,2.0,22.7,Low
09/27/2011 09:00:00,12.1,96.0,82.0,2.0,0.3,313.0,3.0,0.6999,22.6,Normal
09/28/2011 05:00:00,6.0999,98.0,1.0,0.0,1.3,102.0,3.0,1.3,21.7999,Low
06/22/2011 18:00:00,13.6,88.0,24.0,0.0,0.6,59.0,3.0,0.6999,25.2999,Low
06/23/2011 01:00:00,9.0,82.0,1.0,0.0,0.6,220.0,3.0,0.6,23.6,Normal
06/23/2011 18:00:00,11.4,92.0,34.0,0.1,0.3,244.0,3.0,0.5,25.7999,Normal
08/12/2011 10:00:00,21.2999,62.0,730.0,0.0,0.8999,209.0,3.0,1.3,22.7,Normal
08/12/2011 14:00:00,24.7,45.0,673.0,0.0,1.2,205.0,3.0,1.4,22.2,High
10/13/2011 09:00:00,7.0999,91.0,175.0,0.0,0.5,122.0,3.0,0.8,21.6,Low
10/13/2011 20:00:00,8.1,95.0,1.0,0.0,0.2,235.0,3.0,0.5,22.7,Low
08/21/2011 13:00:00,30.1,39.0,754.0,0.0,1.3,209.0,3.0,1.4,22.1,High
08/21/2011 20:00:00,18.4,76.0,1.0,0.0,0.2,81.0,3.0,0.6,24.0,Normal
10/11/2011 18:00:00,8.8999,97.0,0.0,1.5,0.5,54.0,3.0,0.8,22.2999,Normal
10/12/2011 11:00:00,9.3999,93.0,141.0,0.2,0.6999,77.0,3.0,0.8999,22.5,Normal
11/24/2011 22:00:00,1.7,97.0,0.0,1.4,0.4,197.0,2.43,0.8,20.7999,Normal
08/03/2011 05:00:00,9.1999,95.0,23.0,0.0,0.8999,68.0,3.0,0.8999,22.2999,Low
08/03/2011 10:00:00,22.7,58.0,737.0,0.0,1.2,203.0,3.0,1.3,22.6,Normal
10/06/2011 11:00:00,9.8999,95.0,149.0,0.0,0.4,222.0,3.0,0.8,22.4,Normal
10/07/2011 23:00:00,8.3999,98.0,0.0,0.0,0.8999,103.0,3.0,1.0,22.2,Low
08/19/2011 18:00:00,18.4,63.0,16.0,0.0,0.4,2.0,3.0,0.6,23.2,High
11/25/2011 17:00:00,1.2,94.0,0.0,0.0,1.2,96.0,1.36,1.3,21.0,Normal
11/14/2011 07:00:00,4.0,97.0,5.0,1.4,0.2,211.0,0.18,0.3,21.2,Normal
11/22/2011 01:00:00,4.5,94.0,0.0,2.7,0.8999,90.0,0.8899,1.0,20.7999,Normal
11/26/2011 20:00:00,9.8999,75.0,0.0,0.0,1.4,95.0,3.01,1.5,22.1,Normal
11/23/2011 07:00:00,8.1,96.0,2.0,1.9,0.3,234.0,3.01,0.6,22.1,Normal
06/07/2011 11:00:00,13.7,64.0,309.0,0.0,1.1,277.0,2.99,1.6,19.7,High
11/19/2011 07:00:00,-0.1,94.0,1.0,2.0,0.2,176.0,0.91,0.3,20.2999,Normal
11/19/2011 08:00:00,-0.1,94.0,2.0,2.0999,0.2,228.0,0.91,0.3,20.2999,Normal
06/12/2011 10:00:00,16.7,47.0,671.0,0.0,0.4,227.0,3.0,1.4,23.7,High
06/12/2011 12:00:00,18.2999,39.0,711.0,0.0,0.5,272.0,3.0,1.5,23.1,High
06/13/2011 19:00:00,12.5,76.0,22.0,0.0,0.6999,228.0,3.0,0.8999,24.6,Normal
08/07/2011 11:00:00,19.6,67.0,451.0,0.0,1.1,208.0,3.0,1.2,23.2,Normal
06/09/2011 06:00:00,9.8,93.0,117.0,0.0,0.5,99.0,2.0599,0.6999,22.5,Low
06/05/2011 12:00:00,23.1,51.0,718.0,0.0,1.5,220.0,2.99,1.6,25.2999,High
06/05/2011 17:00:00,19.0,59.0,98.0,0.0,0.3,331.0,2.99,0.3,20.0,High
07/02/2011 12:00:00,24.5,51.0,848.0,0.0,1.2,201.0,3.0,1.4,23.5,High
10/09/2011 15:00:00,12.4,89.0,64.0,0.0,0.5,206.0,3.0,0.6999,24.6,Low
07/04/2011 19:00:00,16.7999,48.0,12.0,0.0,0.3,13.0,3.0,0.5,25.2999,High
06/28/2011 19:00:00,15.7,88.0,10.0,0.0,0.6,211.0,3.0,0.6999,25.9,Low
06/29/2011 13:00:00,15.0,73.0,266.0,0.0,0.8,283.0,3.0,1.2,26.0,Normal
08/26/2011 23:00:00,14.4,93.0,1.0,0.0,0.6,63.0,3.0,0.6,24.4,Low
08/27/2011 10:00:00,24.9,58.0,678.0,0.0,1.2,204.0,3.0,1.4,22.4,High
08/27/2011 18:00:00,21.1,56.0,12.0,0.0,0.2,23.0,3.0,0.5,23.0,High
08/28/2011 03:00:00,9.8999,95.0,1.0,0.0,0.6,90.0,3.0,0.6999,22.7,Low
08/28/2011 06:00:00,9.3,95.0,86.0,0.0,0.8,68.0,3.0,0.8999,22.2,Low
08/28/2011 15:00:00,25.7,49.0,434.0,0.0,0.8999,201.0,3.0,1.0,22.2999,High
10/21/2011 07:00:00,9.1999,95.0,16.0,0.0,0.6,76.0,3.0,0.6999,22.4,Low
06/26/2011 08:00:00,13.9,67.0,583.0,0.0,0.4,261.0,3.0,0.8,23.7,Normal
10/15/2011 00:00:00,8.6,96.0,1.0,0.0,0.6,221.0,3.0,0.6,22.2999,Low
06/17/2011 16:00:00,20.7,37.0,400.0,0.0,1.1,201.0,2.19,1.3,23.1,High
06/17/2011 18:00:00,16.5,47.0,42.0,0.0,0.3,339.0,2.28,0.6999,23.5,High
08/21/2011 22:00:00,15.5,84.0,1.0,0.0,0.5,69.0,3.0,0.6,24.5,Low
08/23/2011 00:00:00,16.4,87.0,1.0,0.0,0.5,121.0,3.0,0.8,25.0,Low
08/23/2011 12:00:00,24.1,50.0,730.0,0.0,0.8999,231.0,3.0,1.4,22.4,Normal
08/15/2011 00:00:00,11.3,89.0,1.0,0.0,0.4,235.0,3.0,0.5,23.5,Low
06/26/2012 14:00:00,11.4,80.0,189.0,0.5,0.6,350.0,2.98,0.6999,20.7999,Normal
06/28/2012 05:00:00,7.0,92.0,13.0,0.0,1.1,61.0,2.98,1.1,22.4,Low
06/28/2012 14:00:00,20.7,57.0,381.0,0.0,0.4,298.0,2.98,0.8,23.7,Normal
07/11/2012 12:00:00,24.9,58.0,837.0,0.0,1.3,199.0,2.98,1.4,18.6,High
07/11/2012 15:00:00,25.9,53.0,618.0,0.0,0.4,222.0,2.98,0.8,19.0,High
07/12/2012 17:00:00,22.1,62.0,54.0,0.0,0.3,267.0,2.98,0.6999,18.9,High
07/01/2012 11:00:00,12.2,90.0,197.0,0.0,0.3,249.0,2.98,0.6,24.2999,Normal
07/09/2012 19:00:00,19.4,78.0,15.0,0.0,0.4,342.0,2.98,0.6,18.6,High
07/10/2012 09:00:00,16.2,87.0,511.0,0.0,1.2,206.0,2.98,1.3,18.9,Normal
07/10/2012 11:00:00,19.7,74.0,837.0,0.0,1.1,227.0,2.98,1.3,19.0,Normal
07/02/2012 13:00:00,17.2,70.0,403.0,0.0,0.8,224.0,2.98,0.8999,24.4,Normal
07/02/2012 17:00:00,15.1,77.0,48.0,0.0,0.1,247.0,2.98,0.5,24.4,Normal
07/02/2012 22:00:00,10.9,92.0,1.0,0.3,0.3,223.0,2.98,0.6,25.0,Low
07/04/2012 07:00:00,11.4,87.0,440.0,0.0,0.8,222.0,2.98,1.0,23.0,Low
07/06/2012 14:00:00,24.7,50.0,733.0,0.0,1.1,194.0,2.98,1.2,23.2999,High
07/25/2012 18:00:00,21.7,73.0,24.0,0.0,0.5,347.0,2.98,0.6,23.1,High
07/25/2012 23:00:00,14.7,95.0,1.0,0.0,0.4,99.0,2.98,0.4,24.6,Low
07/28/2012 02:00:00,12.8,90.0,1.0,0.0,0.6999,66.0,2.98,0.8,18.5,Low
09/24/2012 15:00:00,18.6,65.0,280.0,0.0,0.5,190.0,2.98,0.6999,24.7,Normal
09/24/2012 20:00:00,12.9,88.0,1.0,0.0,0.4,260.0,2.98,0.5,24.7999,Low
09/25/2012 07:00:00,11.6,94.0,34.0,0.0,0.2,235.0,2.98,0.4,23.1,Low
09/26/2012 18:00:00,13.6,82.0,2.0,0.0,0.3,63.0,2.98,0.6,25.2,Normal
09/27/2012 03:00:00,5.8,95.0,1.0,0.1,0.6999,82.0,2.98,0.6999,22.4,Low
07/16/2012 03:00:00,12.4,92.0,1.0,0.0,0.6,211.0,2.98,0.6,18.5,Low
07/17/2012 15:00:00,23.4,70.0,394.0,0.0,0.8,230.0,2.98,0.8999,23.2,Normal
07/18/2012 09:00:00,18.2999,85.0,391.0,0.0,0.8999,220.0,2.98,1.1,25.6,Low
07/18/2012 19:00:00,16.9,85.0,6.0,0.0,0.2,257.0,2.98,0.4,24.7,Normal
07/19/2012 17:00:00,21.5,74.0,92.0,0.0,0.3,320.0,2.98,0.6,23.7,Normal
07/20/2012 15:00:00,15.3,91.0,85.0,0.0,0.6999,323.0,2.98,1.0,25.7,Normal
07/20/2012 20:00:00,14.0,95.0,2.0,0.0,0.4,37.0,2.98,0.5,25.1,Low
05/02/2013 10:00:00,18.9,37.0,851.0,0.0,1.8,222.0,3.01,1.9,25.1,High
05/26/2013 15:00:00,16.1,63.0,281.0,0.0,0.7,219.0,3.01,1.0,25.6,Normal
05/27/2013 03:00:00,7.9,94.0,0.0,0.0,1.5,105.0,3.01,1.6,22.9,Low
05/28/2013 13:00:00,13.5,73.0,476.0,0.1,1.0,284.0,3.01,1.4,25.1,Normal
07/19/2013 20:00:00,17.4,83.0,1.0,0.0,0.2,98.0,3.01,0.5,24.8,High
07/20/2013 02:00:00,13.7,95.0,0.0,0.0,0.4,73.0,3.01,0.5,24.0,Low
07/23/2013 20:00:00,18.3,74.0,0.0,0.0,0.3,85.0,3.01,0.5,24.7,Normal
07/26/2013 13:00:00,27.9,39.0,880.0,0.0,1.5,203.0,3.01,1.6,19.7,High
07/29/2013 18:00:00,19.2,64.0,36.0,0.0,0.5,342.0,3.01,0.6,19.8,High
05/03/2013 19:00:00,14.1,60.0,3.0,0.0,0.3,55.0,3.01,0.5,25.6,High
05/05/2013 16:00:00,26.1,28.0,352.0,0.0,0.3,223.0,3.01,0.8,24.5,High
07/25/2013 14:00:00,28.4,40.0,804.0,0.0,1.0,209.0,3.01,1.2,19.8,High
06/03/2013 22:00:00,10.3,92.0,0.0,0.0,0.6,71.0,3.01,0.7,24.3,Low
07/02/2013 06:00:00,17.7,92.0,216.0,0.0,0.4,260.0,3.01,0.6,25.5,Low
04/23/2013 15:00:00,16.1,26.0,605.0,0.0,0.6,105.0,3.01,1.6,25.7,High
07/08/2013 18:00:00,20.0,68.0,26.0,0.0,0.5,344.0,3.01,0.6,24.1,High
07/09/2013 17:00:00,24.0,56.0,40.0,0.0,0.3,320.0,3.01,0.6,23.7,High
07/11/2013 18:00:00,15.8,60.0,24.0,0.0,0.4,350.0,3.01,0.7,24.4,Normal
07/14/2013 13:00:00,25.4,37.0,906.0,0.0,1.1,205.0,3.01,1.3,23.7,High
07/15/2013 17:00:00,22.8,51.0,35.0,0.0,0.1,92.0,3.01,0.8,23.8,High
04/27/2013 18:00:00,8.4,95.0,10.0,0.2,0.7,71.0,3.01,0.8,23.2,Normal
04/29/2013 14:00:00,10.2,54.0,656.0,0.0,2.1,219.0,3.01,2.3,24.2,High
04/29/2013 21:00:00,3.7,68.0,0.0,0.0,0.6,227.0,3.01,1.0,22.4,High
10/24/2010 01:00:00,7.6999,97.0,1.0,0.5,1.5,87.0,3.0,1.7,21.7999,Normal
10/24/2010 04:00:00,7.8,100.0,1.0,0.1,1.4,93.0,3.0,1.5,22.0,Normal
04/12/2007 06:00:00,1.3,91.0,117.0,0.0,1.2,92.0,2.96,1.3,19.5,Low
12/06/2007 23:00:00,2.5,100.0,0.0,0.0,0.2,241.0,2.3599,0.2,22.2,Low
12/15/2007 23:00:00,2.4,100.0,0.0,0.0,1.4,86.0,1.48,1.5,21.7999,Normal
12/08/2007 11:00:00,0.6999,80.0,278.0,0.0,0.8999,117.0,1.14,1.1,22.0,Normal
02/17/2007 23:00:00,5.0999,98.0,0.0,0.1,0.6999,25.0,2.7,1.0,24.0,High
04/20/2007 22:00:00,2.0,92.0,0.0,0.0,1.5,83.0,2.14,1.5,23.9,Low
08/21/2007 07:00:00,15.3,90.0,201.0,0.0,1.1,105.0,0.27,1.2,23.2999,Low
02/14/2007 15:00:00,5.5,89.0,31.0,0.2,1.9,79.0,2.8399,2.0999,20.9,Normal
02/14/2007 17:00:00,4.8,95.0,2.0,0.1,1.7,77.0,2.73,1.8,21.9,Normal
04/25/2013 12:00:00,19.9,32.0,881.0,0.0,2.0,206.0,3.01,2.1,25.0,High
04/22/2007 16:00:00,12.6,60.0,218.0,0.0,0.4,210.0,1.3,1.4,27.1,High
01/08/2008 06:00:00,0.8,99.0,0.0,2.2,2.0,76.0,0.5699,2.3,22.2999,Normal
02/20/2008 14:00:00,11.0,57.0,396.0,0.0,0.8999,212.0,3.0,1.2,26.4,Normal
02/21/2008 20:00:00,2.4,88.0,0.0,0.0,0.8999,92.0,2.99,1.0,23.7999,Normal
04/10/2008 01:00:00,3.0999,96.0,0.0,0.1,0.1,36.0,3.0,0.2,23.7,Low
04/10/2008 10:00:00,6.4,86.0,277.0,0.0,0.3,266.0,3.0,0.8,24.2,High
02/22/2008 15:00:00,10.4,44.0,105.0,0.0,0.4,291.0,3.0,1.1,25.7999,High
02/23/2008 12:00:00,10.2,45.0,547.0,0.0,1.6,215.0,3.0,1.8,25.7999,High
02/27/2008 20:00:00,7.4,82.0,0.0,0.0,0.4,77.0,2.99,0.6,24.9,Normal
04/11/2008 03:00:00,0.0,96.0,0.0,0.0,0.6999,83.0,2.53,0.8,23.2999,Low
04/18/2010 16:00:00,19.1,45.0,197.0,0.0,0.2,291.0,3.03,0.5,26.4,High
04/19/2010 07:00:00,9.6,80.0,137.0,0.0,0.4,82.0,3.03,0.5,24.2,Low
06/07/2010 17:00:00,14.0,74.0,100.0,0.0,0.3,355.0,3.0,0.4,27.1,Normal
06/07/2010 18:00:00,13.5,73.0,33.0,0.0,0.3,357.0,3.0,0.3,27.4,Normal
06/05/2010 04:00:00,2.4,95.0,5.0,0.0,0.8999,63.0,3.0,0.8999,22.7,Low
07/25/2010 14:00:00,28.1,42.0,765.0,0.0,1.1,207.0,3.0,1.3,21.7,High
07/26/2010 02:00:00,10.7,98.0,1.0,0.0,0.8999,67.0,3.0,0.8999,23.1,Low
07/26/2010 15:00:00,27.7,39.0,636.0,0.0,0.6999,209.0,3.0,1.0,21.7999,High
07/26/2010 16:00:00,26.0,41.0,400.0,0.0,0.2,237.0,3.0,0.6999,22.0,High
09/13/2010 07:00:00,12.8,84.0,230.0,0.0,1.3,117.0,3.0,1.4,23.0,Low
06/06/2010 01:00:00,10.5,91.0,0.0,0.0,0.8,65.0,3.0,0.8999,24.7,Low
06/07/2010 11:00:00,13.7,73.0,357.0,0.0,0.3,235.0,3.0,0.6999,26.7,Normal
09/14/2010 04:00:00,12.0,100.0,2.0,0.0,0.4,220.0,3.0,0.5,24.1,Low
08/05/2010 08:00:00,20.2,78.0,468.0,0.0,0.2,170.0,3.0,0.6999,24.0,Low
09/25/2010 06:00:00,6.0,98.0,14.0,0.0,1.2,83.0,3.0,1.2,21.7,Low
06/20/2010 10:00:00,10.2,99.0,108.0,0.0,0.6,314.0,3.0,0.6,23.0,Normal
08/13/2010 18:00:00,22.7,61.0,19.0,0.0,0.4,318.0,3.0,0.5,22.6,High
08/14/2010 03:00:00,10.6,100.0,1.0,0.0,0.8,83.0,3.0,0.8999,23.2999,Low
09/30/2010 00:00:00,11.5,100.0,1.0,0.0,0.2,99.0,3.0,0.5,23.0,Low
04/21/2010 08:00:00,5.1999,95.0,93.0,0.5,0.6999,240.0,0.2099,0.8,23.2999,Normal
06/04/2010 11:00:00,10.7,94.0,269.0,0.0,0.4,217.0,3.0,0.6,24.7,Normal
08/15/2010 23:00:00,16.2999,78.0,2.0,0.0,0.8,58.0,3.0,0.8999,24.7,Normal
06/12/2010 12:00:00,21.7,61.0,873.0,0.0,1.2,197.0,1.24,1.4,23.4,Normal
04/25/2010 15:00:00,15.3,37.0,446.0,0.0,0.4,110.0,0.34,1.2,27.0,High
04/26/2010 06:00:00,11.0,47.0,74.0,0.0,0.6999,109.0,0.37,1.0,24.0,High
04/26/2010 14:00:00,15.3,37.0,60.0,0.0,1.8,69.0,0.36,3.2,26.2999,High
04/26/2010 18:00:00,13.1,54.0,10.0,0.0,1.5,94.0,0.36,2.2,25.2999,High
06/12/2010 17:00:00,19.2,56.0,100.0,0.0,0.3,342.0,1.32,0.6,23.7999,High
06/13/2010 13:00:00,21.2999,56.0,881.0,0.0,1.6,208.0,1.54,1.7,23.4,High
09/17/2010 06:00:00,12.6,100.0,34.0,0.0,0.2,200.0,3.0,0.5,23.4,Low
09/18/2010 04:00:00,14.3,88.0,2.0,0.0,0.1,349.0,3.0,0.5,24.9,Low
09/19/2010 11:00:00,13.5,99.0,28.0,2.0999,0.6,338.0,3.0,0.8,24.1,Normal
08/06/2010 22:00:00,13.3,95.0,2.0,0.0,0.2,256.0,3.0,0.5,24.1,Low
08/07/2010 07:00:00,13.6,88.0,84.0,0.0,0.8,117.0,3.0,0.8999,23.1,Low
08/04/2010 07:00:00,16.5,92.0,173.0,0.0,0.8,196.0,3.0,0.8999,24.7999,Low
06/23/2010 23:00:00,11.8,95.0,2.0,0.0,0.6999,76.0,2.9,0.6999,24.5,Normal
06/24/2010 00:00:00,11.2,96.0,2.0,0.0,0.8999,70.0,2.9,0.8999,24.0,Low
08/28/2010 15:00:00,17.7,48.0,534.0,0.0,0.6,174.0,3.0,1.3,23.2999,Normal
05/03/2010 06:00:00,4.9,93.0,22.0,0.3,2.2,219.0,0.47,2.4,23.5,High
08/18/2010 05:00:00,11.8,96.0,10.0,0.0,0.6,218.0,3.0,0.6999,23.7999,Low
08/20/2010 09:00:00,15.1,57.0,616.0,0.0,1.1,204.0,3.0,1.4,24.2,Normal
11/01/2010 00:00:00,9.6999,82.0,1.0,0.0,1.5,96.0,3.0,1.8,22.2999,Normal
11/01/2010 07:00:00,10.4,100.0,7.0,3.5999,1.4,88.0,3.0,1.7,22.7,Normal
05/03/2010 18:00:00,3.0,88.0,25.0,0.3,1.1,220.0,0.55,1.3,23.2,High
06/26/2010 08:00:00,14.8,76.0,535.0,0.0,1.0,220.0,3.0,1.3,24.5,Normal
06/27/2010 10:00:00,19.5,62.0,389.0,0.0,0.2,288.0,3.0,0.6,24.2,Normal
06/28/2010 11:00:00,21.1,67.0,689.0,0.0,1.1,224.0,3.0,1.2,23.0,Low
08/22/2010 10:00:00,14.2,69.0,265.0,0.0,0.6,273.0,3.0,1.0,24.5,Normal
05/13/2011 08:00:00,10.6,57.0,476.0,0.0,1.4,235.0,1.96,1.5,23.7999,Normal
05/13/2011 11:00:00,16.2999,43.0,632.0,0.0,1.2,231.0,1.98,1.5,26.2999,High
03/13/2011 18:00:00,7.4,87.0,2.0,0.1,0.6999,41.0,1.15,1.8,23.0,High
03/15/2011 11:00:00,10.4,74.0,170.0,0.0,1.2,73.0,0.5899,1.7,23.2999,Normal
04/07/2011 14:00:00,7.5,71.0,365.0,0.0,1.0,212.0,0.94,1.3,25.0,High
04/07/2011 23:00:00,1.6,96.0,1.0,0.0,1.4,96.0,1.07,1.4,23.2,Low
04/02/2011 01:00:00,5.1999,96.0,1.0,0.3,1.1,203.0,2.3,1.2,23.2999,High
04/02/2011 02:00:00,5.0,96.0,2.0,0.0,0.8,204.0,2.29,0.8999,23.7999,High
03/21/2011 12:00:00,9.3,70.0,308.0,0.0,1.0,271.0,1.67,1.4,24.2999,High
03/22/2011 10:00:00,7.0999,70.0,302.0,0.0,0.8,97.0,2.99,1.1,22.2999,High
03/22/2011 16:00:00,8.1999,68.0,128.0,0.0,0.2,269.0,2.99,0.8999,23.5,High
01/29/2011 00:00:00,7.6999,97.0,1.0,0.0,0.8999,89.0,1.05,1.0,23.2,Low
04/03/2011 06:00:00,3.7,96.0,21.0,0.1,0.3,34.0,2.04,0.4,23.2,Normal
02/03/2011 02:00:00,2.5,95.0,1.0,0.0,2.0999,92.0,0.85,2.0999,22.0,Low
04/13/2011 17:00:00,6.0,78.0,51.0,0.2,0.3,38.0,2.99,1.0,23.7999,High
05/09/2011 15:00:00,12.7,73.0,185.0,0.0,0.5,238.0,2.79,1.0,25.0,Normal
05/09/2011 18:00:00,11.1,82.0,34.0,0.0,0.4,346.0,2.88,0.4,25.0,Normal
05/17/2011 14:00:00,17.1,34.0,705.0,0.0,0.8999,154.0,1.84,1.5,25.9,High
03/23/2011 12:00:00,13.9,31.0,628.0,0.0,3.2,108.0,2.95,4.0999,24.9,High
03/23/2011 13:00:00,13.5,32.0,469.0,0.0,2.8,108.0,2.93,3.7,25.7999,High
03/23/2011 15:00:00,12.3,37.0,180.0,0.0,2.2,104.0,2.91,2.8,25.2999,High
03/23/2011 17:00:00,11.0,42.0,57.0,0.0,2.0,97.0,2.88,2.5,25.0,High
03/23/2011 22:00:00,9.6,50.0,1.0,0.0,1.3,97.0,2.77,1.7,24.1,High
03/24/2011 00:00:00,8.6,63.0,1.0,0.0,2.0,97.0,2.76,2.5999,23.9,High
03/29/2011 10:00:00,8.8999,88.0,148.0,0.0,0.6,107.0,0.73,1.1,24.1,Normal
04/04/2011 04:00:00,4.5,96.0,1.0,0.3,1.2,91.0,2.27,1.3,23.4,Normal
05/19/2011 17:00:00,16.7,37.0,39.0,0.0,0.3,172.0,2.99,1.1,26.1,High
05/19/2011 19:00:00,13.1,47.0,8.0,0.0,0.5,46.0,2.99,0.6,26.1,High
01/23/2011 17:00:00,8.0,97.0,2.0,0.0,1.0,82.0,0.34,1.0,23.5,Low
03/29/2011 15:00:00,8.3999,87.0,83.0,0.4,0.5,349.0,0.7599,1.0,24.4,High
03/30/2011 18:00:00,9.6,97.0,3.0,0.0,1.2,97.0,2.99,1.3,24.2999,Low
05/23/2011 18:00:00,10.2,85.0,42.0,0.2,0.6999,37.0,2.99,0.8,25.4,High
05/24/2011 18:00:00,14.1,54.0,29.0,0.0,0.6,49.0,2.99,0.6999,27.0,High
05/25/2011 00:00:00,9.3999,83.0,1.0,0.0,0.8999,85.0,2.99,0.8999,24.7,Low
01/25/2011 07:00:00,7.0999,97.0,4.0,0.0,0.2,244.0,1.79,0.4,23.1,Low
01/25/2011 08:00:00,6.9,97.0,38.0,0.0,0.8,91.0,1.48,1.0,23.0,Low
01/25/2011 15:00:00,9.3999,90.0,44.0,0.0,1.2,94.0,2.14,1.3,24.6,Normal
01/25/2011 23:00:00,3.8,96.0,1.0,0.0,2.0,96.0,1.83,2.0,22.6,Low
03/24/2011 08:00:00,10.3,59.0,166.0,0.0,1.3,94.0,2.8299,1.9,23.9,High
05/25/2011 14:00:00,11.2,93.0,223.0,0.0,0.6999,41.0,2.24,0.8999,24.7999,High
04/05/2011 00:00:00,5.1999,97.0,1.0,0.3,0.4,76.0,2.0899,0.6999,23.2,High
05/10/2011 23:00:00,9.8999,87.0,1.0,0.0,1.4,113.0,2.99,1.5,24.7,Low
05/11/2011 21:00:00,6.4,96.0,1.0,0.1,0.4,8.0,2.89,0.6,23.7,High
03/25/2011 13:00:00,9.5,64.0,319.0,0.0,1.7,102.0,1.73,2.3,26.1,High
03/26/2011 09:00:00,7.9,77.0,135.0,0.0,1.1,115.0,1.8,1.4,23.7999,High
01/29/2011 19:00:00,7.8,97.0,2.0,0.1,0.5,67.0,0.23,0.5,23.4,Normal
01/15/2011 16:00:00,9.1999,97.0,4.0,2.2,1.4,84.0,1.19,1.7,23.2999,Normal
01/16/2011 13:00:00,12.4,97.0,80.0,0.0,0.5,328.0,0.31,0.6999,24.2,Normal
03/27/2011 00:00:00,4.0999,96.0,1.0,0.1,0.8999,79.0,1.5599,1.0,23.4,Normal
05/20/2011 09:00:00,16.9,44.0,701.0,0.0,1.3,218.0,2.99,1.5,25.2999,High
05/20/2011 14:00:00,21.2999,33.0,712.0,0.0,1.1,208.0,2.99,1.7,25.2999,High
05/14/2011 07:00:00,11.6,71.0,384.0,0.0,0.6999,129.0,2.5999,1.2,24.2,Normal
04/06/2011 19:00:00,3.3,94.0,1.0,0.0,0.3,356.0,1.33,0.5,23.9,Normal
03/17/2011 20:00:00,4.4,84.0,1.0,0.0,0.8999,108.0,2.99,1.1,22.9,Normal
03/18/2011 03:00:00,7.0999,59.0,1.0,0.0,1.9,94.0,2.99,2.2,22.4,High
01/30/2011 01:00:00,6.9,97.0,2.0,0.2,0.5,269.0,0.23,0.5,23.2,Low
01/30/2011 21:00:00,3.4,96.0,1.0,0.0,0.2,258.0,0.2099,0.6,22.5,Normal
08/12/2010 15:00:00,25.2,55.0,574.0,0.0,1.2,205.0,3.0,1.4,22.0,High
08/16/2010 10:00:00,28.2,42.0,723.0,0.0,1.3,211.0,3.0,1.4,21.9,High
04/27/2010 00:00:00,10.0,77.0,0.0,0.4,1.2,81.0,0.36,1.9,24.2,High
04/27/2010 10:00:00,7.1999,90.0,350.0,0.6999,0.8999,299.0,0.36,1.2,24.2999,High
04/27/2010 11:00:00,9.1999,81.0,631.0,0.0,0.5,308.0,0.36,1.0,24.7,High
04/27/2010 14:00:00,8.5,74.0,243.0,0.0,0.8999,287.0,3.03,1.3,25.0,High
04/28/2010 09:00:00,6.4,83.0,394.0,0.1,0.5,286.0,0.61,1.0,23.9,High
05/08/2010 10:00:00,13.0,64.0,667.0,0.0,0.3,222.0,0.73,0.5,25.4,Normal
05/06/2010 00:00:00,3.0999,94.0,0.0,0.0,0.2,77.0,0.8,0.3,23.1,Low
05/01/2010 02:00:00,3.9,94.0,0.0,0.0,0.6,70.0,0.5299,0.8,23.2999,Normal
05/01/2010 04:00:00,4.0,95.0,0.0,0.0,0.8,92.0,0.5,0.8999,23.2999,Normal
05/01/2010 06:00:00,4.5999,95.0,36.0,0.1,0.6,97.0,0.46,0.6999,23.2999,Normal
04/28/2010 15:00:00,7.8,76.0,275.0,1.0,0.8,213.0,1.26,1.1,24.7999,High
04/29/2010 05:00:00,4.0,95.0,4.0,0.0,0.1,17.0,0.4799,0.4,23.2999,Normal
04/29/2010 11:00:00,10.0,63.0,580.0,0.2,1.5,214.0,0.5699,1.8,24.9,High
05/09/2010 13:00:00,18.2,20.0,827.0,0.0,0.8,200.0,0.67,1.3,25.7,High
05/09/2010 17:00:00,15.6,39.0,81.0,0.0,0.1,250.0,0.66,0.4,26.2999,High
05/10/2010 09:00:00,7.5,90.0,321.0,0.0,0.2,237.0,0.6999,0.3,24.4,Normal
06/22/2010 18:00:00,16.9,76.0,74.0,0.0,0.4,346.0,3.0,0.5,24.2,Normal
06/23/2010 02:00:00,11.0,100.0,2.0,0.0,0.5,68.0,2.92,0.5,23.5,Low
05/01/2010 20:00:00,6.5,80.0,0.0,0.0,0.2,252.0,0.54,1.0,24.1,High
05/17/2010 16:00:00,17.4,77.0,153.0,0.1,0.3,93.0,3.03,0.4,25.6,High
09/04/2010 01:00:00,9.8,98.0,1.0,0.0,0.2,129.0,3.0,0.5,23.1,Low
09/04/2010 09:00:00,13.6,64.0,354.0,0.0,0.6999,279.0,3.0,1.2,24.5,Normal
05/20/2010 10:00:00,6.0999,87.0,452.0,1.1,0.0,356.0,0.38,0.3,23.7,High
05/20/2010 21:00:00,4.5999,94.0,0.0,0.0,0.6999,100.0,0.56,0.8,23.4,Normal
07/09/2010 16:00:00,28.9,36.0,416.0,0.0,0.3,216.0,3.0,0.8999,21.0,High
07/17/2010 18:00:00,16.9,74.0,25.0,0.0,0.4,345.0,3.0,0.5,22.7999,Normal
07/18/2010 15:00:00,19.0,67.0,645.0,0.0,0.6999,215.0,3.0,1.2,22.6,Normal
07/19/2010 07:00:00,12.4,87.0,254.0,0.0,0.5,240.0,3.0,0.8999,22.7,Low
08/24/2010 14:00:00,28.9,32.0,672.0,0.0,0.6,221.0,3.0,0.8999,21.9,High
08/25/2010 18:00:00,23.2999,50.0,13.0,0.0,0.5,74.0,3.0,0.6,23.0,High
08/27/2010 12:00:00,14.3,74.0,274.0,0.0,0.3,234.0,3.0,0.6999,24.9,Normal
05/12/2010 14:00:00,14.9,58.0,278.0,0.0,0.6999,218.0,3.03,1.0,26.7,High
05/12/2010 16:00:00,14.2,58.0,164.0,0.0,0.3,223.0,3.03,0.8,27.1,High
05/14/2010 15:00:00,21.9,42.0,597.0,0.0,0.8,218.0,2.99,1.1,25.1,High
05/13/2010 11:00:00,17.2999,51.0,841.0,0.0,1.4,210.0,3.03,1.5,26.2999,Normal
05/13/2010 16:00:00,19.0,43.0,324.0,0.0,0.6999,219.0,3.03,0.8,25.5,High
05/13/2010 20:00:00,10.9,66.0,0.0,0.0,0.1,84.0,3.03,0.3,25.6,Normal
07/10/2010 06:00:00,16.7,79.0,227.0,0.0,0.2,356.0,3.0,0.5,24.2,Low
07/10/2010 08:00:00,20.9,54.0,562.0,0.0,0.3,289.0,3.0,0.8,21.6,Normal
07/13/2010 05:00:00,9.1,83.0,37.0,0.0,0.3,148.0,3.0,0.5,21.9,Normal
05/15/2010 14:00:00,21.7999,48.0,664.0,0.0,1.2,206.0,3.03,1.3,25.1,High
07/08/2010 14:00:00,31.5,34.0,762.0,0.0,0.6,217.0,3.0,0.8999,21.0,High
11/02/2010 02:00:00,8.1999,93.0,1.0,0.1,1.3,94.0,2.96,1.3,22.7,Low
11/02/2010 21:00:00,5.5999,97.0,1.0,0.0,0.6,84.0,2.99,0.8,22.0,Low
07/15/2010 17:00:00,22.6,55.0,40.0,0.0,0.1,268.0,3.0,0.6,22.2,High
05/16/2010 06:00:00,10.0,87.0,100.0,0.0,0.1,352.0,3.03,0.3,24.6,Low
05/16/2010 23:00:00,10.1,94.0,0.0,0.0,0.4,79.0,3.03,0.4,24.9,Low
12/10/2010 16:00:00,4.0999,96.0,3.0,0.2,0.6,67.0,2.99,0.6999,22.7,Normal
12/28/2010 02:00:00,5.8,96.0,1.0,0.1,1.2,103.0,0.3899,1.4,22.1,Normal
11/06/2010 10:00:00,10.5,97.0,91.0,0.4,0.5,87.0,2.26,0.8,22.7,Low
12/11/2010 06:00:00,1.3,97.0,1.0,0.1,1.7,100.0,2.18,1.7,21.6,Low
10/10/2010 11:00:00,11.7,97.0,308.0,0.0,0.4,210.0,3.0,0.6,23.2999,Normal
07/21/2010 18:00:00,20.7999,64.0,25.0,0.0,0.5,347.0,3.0,0.6,22.5,High
07/22/2010 18:00:00,15.2,77.0,34.0,0.0,0.4,116.0,2.41,0.6999,24.4,Normal
10/10/2010 22:00:00,8.1,99.0,1.0,0.0,0.4,297.0,3.0,0.5,22.4,Normal
10/12/2010 19:00:00,8.1,100.0,1.0,0.0,0.6,65.0,3.0,0.6999,23.0,Low
07/23/2010 05:00:00,10.8,96.0,19.0,0.0,0.6999,213.0,2.5,0.6999,22.9,Low
07/23/2010 07:00:00,13.3,86.0,343.0,0.0,0.3,185.0,2.5799,0.8999,22.9,Low
09/09/2010 15:00:00,11.3,100.0,74.0,0.1,0.5,341.0,3.0,0.5,23.7,Low
12/19/2010 14:00:00,6.5999,54.0,82.0,0.0,0.6,74.0,2.14,1.1,22.2999,Normal
12/22/2010 22:00:00,5.1999,67.0,1.0,0.0,1.4,95.0,2.99,1.5,21.7,Normal
12/23/2010 08:00:00,8.5,57.0,12.0,0.0,1.8,101.0,2.99,2.2,22.0,High
12/23/2010 14:00:00,10.6,52.0,33.0,0.0,1.9,84.0,2.99,2.2,23.0,High
12/08/2010 03:00:00,6.3,95.0,1.0,2.7,1.4,59.0,2.99,1.6,22.9,High
12/21/2010 17:00:00,9.6,49.0,1.0,0.0,2.5999,95.0,2.99,3.4,22.5,High
12/21/2010 23:00:00,8.6999,56.0,1.0,0.0,3.2,97.0,2.99,3.5999,22.2999,High
12/23/2010 19:00:00,10.4,53.0,1.0,0.0,1.6,87.0,2.99,2.0,22.6,High
12/24/2010 11:00:00,8.1,86.0,52.0,0.5,1.9,86.0,2.99,2.0999,22.7,Normal
12/24/2010 15:00:00,7.8,92.0,11.0,0.4,1.6,108.0,2.99,1.8,22.4,Normal
12/25/2010 03:00:00,7.6999,96.0,1.0,0.5,1.5,102.0,2.99,1.7,22.5,Normal
12/25/2010 04:00:00,7.6999,95.0,1.0,0.1,0.6999,114.0,2.99,1.1,22.4,Normal
10/08/2010 16:00:00,16.5,58.0,44.0,0.0,0.6,342.0,3.0,0.8999,23.7,Normal
10/08/2010 19:00:00,12.3,84.0,2.0,0.0,1.0,100.0,3.0,1.2,24.0,Normal
12/04/2010 22:00:00,4.4,66.0,1.0,0.0,0.4,117.0,0.74,1.0,21.7,Normal
10/05/2010 07:00:00,3.8,99.0,125.0,0.0,0.8,75.0,3.0,0.8999,21.2,Low
11/05/2010 07:00:00,5.5999,97.0,8.0,0.0,0.2,259.0,1.84,0.5,21.9,Low
11/05/2010 08:00:00,6.0,97.0,56.0,0.0,0.6999,100.0,1.62,0.8999,21.9,Low
11/05/2010 14:00:00,12.8,81.0,90.0,0.0,0.8999,227.0,2.99,1.0,25.1,Normal
07/14/2013 21:00:00,14.1,68.0,0.0,0.0,0.4,80.0,3.01,0.6,24.8,Normal
05/14/2013 04:00:00,3.2,95.0,3.0,0.0,1.4,87.0,3.01,1.4,21.6,Low
05/14/2013 17:00:00,14.0,50.0,45.0,0.0,0.2,255.0,3.01,0.9,25.1,High
01/24/2009 10:00:00,1.4,87.0,93.0,0.0,0.8,242.0,1.03,0.8,22.1,Low
01/25/2009 02:00:00,0.2,95.0,0.0,0.3,0.4,249.0,1.1,0.4,22.2,Low
01/25/2009 07:00:00,-0.5,95.0,0.0,0.1,0.4,256.0,0.86,0.5,22.1,Low
01/22/2009 12:00:00,3.7,75.0,156.0,0.0,0.8,89.0,1.35,0.8,22.7,Low
01/21/2009 00:00:00,-2.0,94.0,0.0,0.0,1.3,87.0,2.97,1.3,21.4,Low
01/29/2009 04:00:00,0.1,95.0,0.0,0.0,0.0,102.0,2.1099,0.4,21.9,Low
01/30/2009 12:00:00,5.8,87.0,243.0,0.0,1.3,96.0,1.36,1.4,22.4,Low
02/13/2009 12:00:00,4.3,60.0,141.0,0.0,1.0,220.0,2.8399,1.5,22.4,Normal
02/13/2009 23:00:00,-0.4,86.0,0.0,0.0,0.2,245.0,2.8399,0.6,21.7999,Low
01/26/2009 17:00:00,-2.9,89.0,0.0,0.0,0.8,95.0,1.1,0.8,21.9,Normal
01/26/2009 22:00:00,-4.0999,87.0,0.0,0.0,1.3,102.0,1.11,1.3,21.2999,Normal
01/27/2009 00:00:00,-3.5,86.0,0.0,0.0,1.3,105.0,1.11,1.4,21.4,Normal
02/10/2009 21:00:00,0.6,95.0,0.0,0.0,0.8999,96.0,2.51,1.0,21.4,Normal
01/12/2009 06:00:00,2.5,95.0,0.0,0.0,0.8,93.0,0.07,0.8999,22.2,Low
01/13/2009 17:00:00,2.5,95.0,0.0,0.0,1.2,119.0,0.11,1.3,22.4,Low
01/28/2009 22:00:00,0.5,95.0,0.0,0.0,0.3,72.0,2.73,0.5,21.9,Low
07/29/2009 00:00:00,20.1,80.0,0.0,0.0,0.2,62.0,3.04,0.2,27.9,Normal
05/31/2009 09:00:00,22.0,52.0,590.0,0.0,0.8999,227.0,3.04,1.0,26.6,High
04/19/2009 03:00:00,3.0,92.0,0.0,0.0,1.9,106.0,2.3,1.9,22.6,Low
04/19/2009 12:00:00,21.2,32.0,716.0,0.0,0.6999,217.0,2.13,1.3,26.0,High
06/01/2009 11:00:00,25.2,48.0,863.0,0.0,1.3,222.0,3.04,1.4,26.7999,High
06/11/2009 09:00:00,15.1,85.0,371.0,0.0,0.4,258.0,1.16,0.6999,25.6,Normal
04/12/2009 17:00:00,7.3,95.0,11.0,1.1,0.4,55.0,0.8299,0.8999,22.2999,Normal
06/09/2009 11:00:00,22.7,56.0,847.0,0.0,1.2,210.0,3.04,1.3,26.1,High
06/09/2009 12:00:00,23.5,53.0,880.0,0.0,1.3,212.0,3.04,1.4,26.2999,High
06/10/2009 11:00:00,17.1,81.0,442.0,0.6,0.3,294.0,2.15,1.0,25.9,Normal
08/07/2009 07:00:00,12.5,86.0,54.0,0.0,0.5,224.0,3.04,0.6,27.2999,Normal
04/14/2009 22:00:00,1.0,95.0,0.0,0.0,0.5,261.0,2.97,0.6,21.7999,Low
04/15/2009 14:00:00,8.6,69.0,272.0,0.0,0.3,182.0,2.97,1.0,23.7,Normal
04/17/2009 22:00:00,3.0,95.0,0.0,0.0,0.4,89.0,2.97,0.5,22.4,Low
07/31/2009 16:00:00,29.1,52.0,364.0,0.0,0.4,315.0,3.04,0.8999,28.2999,High
08/15/2009 22:00:00,11.9,89.0,1.0,0.0,0.3,29.0,2.72,0.6,27.0,Low
08/03/2009 17:00:00,25.6,43.0,33.0,0.0,0.1,324.0,3.04,0.2,29.2,High
08/04/2009 06:00:00,10.5,94.0,69.0,0.0,0.3,93.0,3.04,0.3,26.7999,Low
04/07/2009 04:00:00,0.4,92.0,0.0,0.0,1.5,82.0,1.92,1.5,22.0,Low
04/07/2009 09:00:00,14.1,51.0,571.0,0.0,0.6,199.0,2.27,0.8999,23.2999,Normal
04/05/2009 17:00:00,16.0,35.0,37.0,0.0,0.8,85.0,1.46,0.8999,26.7,High
04/07/2009 02:00:00,1.7,90.0,0.0,0.0,1.3,84.0,1.91,1.3,22.2999,Normal
09/08/2009 00:00:00,7.0999,98.0,3.0,0.1,0.2,113.0,2.46,0.2,22.7999,Low
04/03/2009 09:00:00,2.8,80.0,328.0,0.0,0.6999,135.0,0.44,0.8999,22.2999,High
03/27/2009 17:00:00,7.4,83.0,40.0,0.0,0.6,343.0,2.98,0.6999,23.7999,Normal
05/23/2009 18:00:00,16.0,50.0,36.0,0.0,0.4,25.0,3.04,0.6999,19.6,High
07/15/2009 19:00:00,19.6,61.0,10.0,0.0,0.3,62.0,3.04,1.3,27.6,High
04/04/2009 15:00:00,13.2,38.0,395.0,0.0,1.9,98.0,1.14,2.4,26.1,High
04/05/2009 08:00:00,11.2,47.0,401.0,0.0,0.5,126.0,1.48,1.8,22.4,High
07/16/2009 13:00:00,29.0,38.0,806.0,0.0,1.1,214.0,3.04,1.2,26.9,High
07/16/2009 15:00:00,29.7,37.0,618.0,0.0,0.6,225.0,3.04,0.8999,26.7999,High
07/16/2009 17:00:00,26.1,43.0,56.0,0.0,0.2,358.0,3.04,0.8,26.9,High
05/20/2009 06:00:00,5.5,96.0,61.0,0.0,0.8,101.0,0.9599,0.8999,23.1,Low
03/29/2009 21:00:00,0.8,95.0,0.0,0.0,0.6999,88.0,2.98,0.8,22.0,Low
03/30/2009 00:00:00,0.5,95.0,0.0,0.0,0.6,83.0,2.98,0.6,21.9,Low
03/30/2009 19:00:00,2.0,94.0,0.0,0.0,0.8,84.0,2.98,0.8999,22.2999,Low
04/05/2009 12:00:00,18.4,24.0,738.0,0.0,1.9,118.0,1.45,2.4,26.4,High
07/12/2009 07:00:00,13.3,92.0,70.0,0.0,0.6,217.0,2.5899,0.6999,25.2999,Low
11/18/2009 22:00:00,3.5,92.0,0.0,3.7,1.8,104.0,1.6,2.2,22.0,Normal
11/19/2009 02:00:00,4.0,94.0,0.0,1.4,1.7,106.0,1.16,1.9,22.2,Normal
11/20/2009 00:00:00,12.0,51.0,0.0,0.0,1.5,94.0,0.85,2.4,23.1,High
12/04/2009 14:00:00,2.4,80.0,60.0,0.0,0.5,172.0,2.26,0.8,22.2999,Normal
11/14/2009 00:00:00,0.8999,95.0,0.0,0.0,0.4,86.0,0.41,0.5,21.9,Low
12/01/2009 03:00:00,4.0999,96.0,0.0,0.0,0.3,264.0,0.33,0.4,22.7,Normal
12/02/2009 01:00:00,-1.8,93.0,0.0,0.0,1.4,93.0,3.03,1.4,21.0,Low
12/09/2009 08:00:00,-14.1,81.0,23.0,0.0,1.5,93.0,3.03,1.5,19.5,Low
11/15/2009 18:00:00,6.9,93.0,0.0,0.0,1.4,101.0,0.15,1.7,22.4,Normal
11/15/2009 22:00:00,9.1,83.0,0.0,0.0,1.5,88.0,0.15,1.7,22.6,Normal
11/25/2009 14:00:00,12.5,91.0,92.0,0.0,0.8999,85.0,3.03,1.2,24.2999,Low
11/26/2009 13:00:00,7.9,96.0,19.0,1.5,0.5,246.0,3.03,0.6,23.1,Low
12/04/2009 01:00:00,-2.3,92.0,0.0,0.0,1.1,90.0,2.5799,1.1,20.9,Low
11/29/2009 06:00:00,5.1999,95.0,0.0,0.3,0.8999,121.0,0.37,0.8999,22.5,Low
11/20/2009 07:00:00,6.0,95.0,1.0,1.8,0.1,289.0,0.92,0.6,22.9,Normal
11/22/2009 05:00:00,3.9,92.0,0.0,1.7,1.0,41.0,0.5899,1.7,22.1,High
11/30/2009 11:00:00,4.1999,95.0,107.0,0.0,0.8999,108.0,0.44,0.8999,22.2,Low
04/08/2009 22:00:00,7.4,68.0,0.0,0.0,0.6,311.0,2.97,0.8,22.9,High
12/15/2009 16:00:00,5.4,93.0,0.0,0.3,1.0,106.0,3.03,1.5,23.4,Normal
12/15/2009 23:00:00,5.3,95.0,0.0,0.0,1.5,117.0,3.03,1.6,23.4,Normal
12/12/2009 10:00:00,-5.0,83.0,137.0,0.0,0.6999,107.0,3.03,0.8,21.2999,Low
05/12/2013 14:00:00,16.6,80.0,123.0,0.0,0.5,294.0,3.01,0.6,26.5,Normal
05/10/2013 01:00:00,8.7,95.0,0.0,0.0,0.9,67.0,3.01,0.9,23.5,Low
05/15/2013 12:00:00,13.9,54.0,283.0,0.0,0.7,299.0,3.01,1.0,25.3,High
05/16/2013 13:00:00,19.2,53.0,864.0,0.0,1.2,194.0,3.01,1.5,25.1,High
05/23/2013 19:00:00,7.0,93.0,6.0,0.1,1.2,101.0,3.01,1.3,22.8,Normal
10/05/2007 02:00:00,3.5,99.0,1.0,0.0,0.8,86.0,2.1099,0.8999,22.2,Low
10/06/2007 19:00:00,8.3,98.0,0.0,0.2,1.7,92.0,0.68,1.8,22.7,Low
10/07/2007 04:00:00,9.6,99.0,0.0,0.0,1.1,76.0,0.3499,1.2,23.2999,Low
10/07/2007 06:00:00,9.8,98.0,4.0,0.0,1.4,84.0,0.31,1.5,23.2,Low
11/24/2007 20:00:00,1.2,95.0,0.0,0.0,0.1,226.0,1.9,0.3,21.7999,Low
07/30/2007 23:00:00,9.8,94.0,2.0,0.0,1.2,67.0,3.01,1.2,22.7,Low
07/31/2007 06:00:00,7.3,95.0,169.0,0.0,0.5,62.0,3.01,0.6,20.7,Low
10/04/2007 09:00:00,7.1999,89.0,299.0,0.0,0.8,123.0,0.94,1.0,22.7,Low
12/24/2007 15:00:00,2.3,99.0,19.0,0.0,0.2,2.0,3.02,0.2,22.4,Normal
12/26/2007 16:00:00,0.3,100.0,2.0,0.0,0.2,77.0,2.78,0.2,21.7,Normal
12/20/2007 16:00:00,1.2,100.0,2.0,0.1,0.2,20.0,3.02,0.3,22.1,Normal
12/22/2007 20:00:00,2.5999,100.0,0.0,0.0,0.8999,101.0,3.02,0.8999,22.1,Low
12/16/2010 07:00:00,3.9,96.0,3.0,0.0,1.4,108.0,0.4799,1.5,21.5,Normal
10/22/2010 13:00:00,14.1,42.0,458.0,0.0,0.8999,259.0,3.0,1.3,24.1,High
10/23/2010 08:00:00,7.3,97.0,40.0,0.0,1.5,113.0,3.0,1.6,21.7,Normal
11/09/2010 14:00:00,4.5999,93.0,70.0,0.1,1.1,91.0,0.8199,1.3,21.0,Normal
11/09/2010 15:00:00,4.9,93.0,62.0,0.0,1.0,98.0,0.8399,1.2,21.2,Normal
11/10/2010 03:00:00,3.3,97.0,1.0,0.0,0.8,93.0,0.5199,0.8,21.2,Low
12/17/2010 02:00:00,0.2,91.0,1.0,0.0,0.2,103.0,0.7699,0.6999,21.2999,Normal
07/20/2010 18:00:00,18.1,72.0,67.0,0.0,0.5,349.0,3.0,0.6,22.9,Normal
07/21/2010 12:00:00,23.4,60.0,845.0,0.0,1.3,223.0,3.0,1.4,21.7999,Normal
10/15/2010 14:00:00,10.7,61.0,217.0,0.0,0.5,171.0,2.6199,1.0,24.6,Normal
12/01/2010 03:00:00,2.7,97.0,1.0,0.5,0.1,325.0,2.89,0.5,21.9,Low
10/02/2010 20:00:00,12.8,93.0,2.0,0.0,0.3,240.0,3.0,0.4,24.6,Low
10/02/2010 22:00:00,12.5,95.0,2.0,0.0,0.2,248.0,3.0,0.4,24.2,Low
12/25/2010 23:00:00,6.4,96.0,1.0,0.3,0.3,336.0,2.99,0.5,22.2999,Normal
11/25/2010 13:00:00,0.4,95.0,36.0,0.0,1.6,102.0,3.0,1.6,21.0,Low
11/15/2010 15:00:00,8.8999,97.0,21.0,0.8,0.6999,80.0,0.11,0.8,22.7,Low
11/10/2010 19:00:00,3.7,97.0,1.0,0.0,0.0,304.0,1.17,0.5,21.7,Low
11/12/2010 02:00:00,0.5,97.0,1.0,0.0,0.8,75.0,0.55,0.8,20.9,Low
11/12/2010 16:00:00,5.9,92.0,17.0,0.0,0.3,83.0,0.86,0.5,22.7999,Low
11/13/2010 20:00:00,6.6999,97.0,1.0,0.2,0.8999,87.0,0.3499,0.8999,22.1,Low
10/18/2010 01:00:00,1.4,100.0,1.0,0.0,1.3,81.0,1.52,1.3,21.1,Low
10/18/2010 18:00:00,7.8,97.0,1.0,0.0,0.6,81.0,1.66,0.6,23.7,Low
11/19/2010 23:00:00,1.5,96.0,1.0,0.0,1.3,100.0,0.98,1.3,20.6,Low
11/20/2010 10:00:00,3.2,90.0,171.0,0.0,0.8999,207.0,0.85,1.0,21.0,Low
10/19/2010 16:00:00,13.6,79.0,19.0,0.0,0.2,96.0,3.0,0.4,24.1,Normal
05/21/2008 12:00:00,8.8999,89.0,226.0,0.0,1.0,227.0,2.99,1.2,24.1,Normal
07/05/2008 14:00:00,17.6,78.0,136.0,0.2,0.6999,311.0,2.99,1.0,21.7999,Low
05/21/2008 16:00:00,7.6999,92.0,53.0,0.6999,1.1,216.0,2.99,1.2,24.2,Normal
05/16/2008 19:00:00,21.7999,55.0,11.0,0.0,1.6,102.0,2.99,1.7,26.5,Normal
03/19/2008 15:00:00,7.5,60.0,240.0,0.0,0.8999,280.0,3.0,1.2,26.1,High
03/20/2008 11:00:00,4.5999,83.0,339.0,0.0,0.4,43.0,3.0,1.1,23.7999,High
03/20/2008 13:00:00,4.5999,79.0,286.0,0.0,1.2,90.0,3.0,1.6,24.4,High
03/20/2008 16:00:00,4.0999,79.0,76.0,0.3,0.8,62.0,3.0,1.3,24.0,High
03/20/2008 19:00:00,2.7,88.0,0.0,0.3,1.4,85.0,3.0,1.5,23.4,High
07/13/2008 14:00:00,29.6,29.0,761.0,0.0,1.0,211.0,2.99,1.2,25.9,High
05/17/2008 11:00:00,32.5999,31.0,847.0,0.0,1.2,229.0,2.99,1.4,24.0,High
05/17/2008 13:00:00,31.7999,29.0,818.0,0.0,1.1,282.0,2.99,1.5,24.2,High
07/11/2008 16:00:00,24.5,47.0,440.0,0.0,0.5,188.0,2.99,0.6999,25.0,High
07/12/2008 21:00:00,16.5,66.0,1.0,0.0,0.6999,96.0,2.99,0.6999,22.0,High
03/22/2008 10:00:00,9.6,47.0,545.0,0.0,1.9,102.0,3.0,2.2,24.1,High
05/15/2008 02:00:00,10.3,94.0,0.0,0.0,1.3,119.0,2.99,1.4,24.6,Low
07/15/2008 18:00:00,23.1,40.0,28.0,0.0,0.4,346.0,2.99,0.5,23.9,High
03/23/2008 03:00:00,9.0,42.0,0.0,0.0,1.9,83.0,2.99,2.2,24.0,High
03/23/2008 08:00:00,4.5999,93.0,40.0,1.1,1.9,77.0,2.96,2.0999,23.6,High
03/16/2008 16:00:00,4.6999,74.0,73.0,0.0,0.4,278.0,0.25,0.5,24.4,High
07/08/2008 13:00:00,26.1,49.0,791.0,0.0,0.8999,198.0,2.99,1.2,26.2,High
07/08/2008 18:00:00,22.2999,52.0,35.0,0.0,0.3,12.0,2.99,0.6,23.9,High
03/18/2008 19:00:00,1.7,96.0,0.0,0.0,0.8,96.0,3.0,0.8,23.2999,Normal
05/11/2008 06:00:00,4.1999,93.0,67.0,0.2,0.8999,213.0,1.74,1.2,23.2999,High
05/11/2008 14:00:00,8.3,75.0,434.0,0.4,1.5,216.0,2.0799,1.6,25.0,High
05/12/2008 16:00:00,12.4,51.0,241.0,0.0,1.1,222.0,1.91,1.1,26.5,High
03/27/2008 10:00:00,1.5,89.0,365.0,0.0,0.5,308.0,3.0,0.6999,23.7,High
03/28/2008 04:00:00,-0.1,92.0,0.0,0.2,1.6,85.0,2.99,1.9,22.5,High
05/21/2013 11:00:00,8.1,92.0,388.0,1.3,0.4,206.0,3.01,0.8,23.2,High
01/20/2007 23:00:00,-0.2,100.0,0.0,0.0,1.2,89.0,0.09,1.3,22.1,Low
01/03/2009 06:00:00,-3.0,94.0,0.0,0.0,1.2,100.0,0.4,1.2,21.2999,Normal
02/05/2007 05:00:00,2.3,96.0,0.0,0.0,0.8,72.0,0.5199,0.8999,22.2999,Low
06/02/2013 06:00:00,11.7,82.0,205.0,0.0,0.7,215.0,3.01,0.9,23.6,Normal
01/22/2007 15:00:00,6.5,96.0,62.0,0.0,0.8,59.0,0.0599,1.0,23.2999,Low
03/19/2007 14:00:00,9.0,97.0,65.0,2.0,0.6999,248.0,2.93,0.8999,24.0,Normal
01/23/2007 16:00:00,6.6999,90.0,20.0,0.0,1.2,78.0,1.67,1.3,23.6,Normal
03/25/2007 00:00:00,5.8,98.0,0.0,2.4,0.3,194.0,0.16,0.6999,21.7999,High
03/26/2007 09:00:00,8.8999,54.0,339.0,0.0,2.8,88.0,0.6399,3.3,21.1,High
03/26/2007 10:00:00,10.9,44.0,620.0,0.0,3.3,92.0,0.91,3.9,21.9,High
04/02/2007 13:00:00,5.4,67.0,362.0,0.0,1.0,213.0,3.01,1.5,20.5,High
01/25/2007 14:00:00,6.4,76.0,90.0,0.0,0.1,185.0,1.71,0.8,23.9,Normal
03/28/2007 13:00:00,9.6,51.0,587.0,0.0,1.3,217.0,3.01,1.6,23.6,High
03/29/2007 21:00:00,7.3,87.0,0.0,0.0,2.0,94.0,3.0,2.0,22.5,Low
02/02/2007 01:00:00,-3.0,92.0,1.0,0.0,1.5,83.0,3.0,1.6,21.2999,Low
03/28/2007 00:00:00,2.0,92.0,1.0,0.0,0.6,38.0,2.5599,0.6,20.6,Normal
04/05/2007 14:00:00,21.6,28.0,626.0,0.0,0.2,105.0,2.93,1.7,26.7999,High
03/31/2007 02:00:00,7.1999,98.0,3.0,0.8999,0.6,218.0,2.5799,0.6999,19.6,Low
07/14/2007 05:00:00,12.9,94.0,45.0,0.0,0.4,77.0,3.01,0.5,23.5,Low
05/26/2007 09:00:00,17.6,66.0,631.0,0.0,1.1,213.0,2.77,1.4,27.2,Normal
07/16/2013 17:00:00,23.0,66.0,122.0,0.0,0.4,313.0,3.01,0.6,24.3,High
12/12/2009 13:00:00,1.9,61.0,156.0,0.0,0.8,241.0,3.03,0.8999,22.7999,Normal
11/10/2009 21:00:00,4.8,95.0,0.0,2.5,0.8,83.0,3.03,0.8999,22.2999,Normal
12/06/2009 14:00:00,-2.3,32.0,95.0,0.0,2.7,119.0,1.89,3.3,21.0,High
05/17/2013 22:00:00,8.8,95.0,0.0,0.4,0.3,46.0,3.01,0.4,23.3,Normal
07/21/2012 09:00:00,16.9,90.0,339.0,0.0,0.5,219.0,2.98,0.8,25.0,Low
10/07/2012 16:00:00,18.2,39.0,23.0,0.0,0.4,69.0,2.98,0.5,24.2,Normal
10/09/2012 22:00:00,5.6999,94.0,1.0,0.0,0.6,85.0,2.98,0.6,22.5,Low
10/09/2012 23:00:00,5.0,94.0,1.0,0.0,0.6,69.0,2.98,0.6,22.2,Low
09/28/2012 13:00:00,23.5,45.0,481.0,0.0,0.4,196.0,2.98,0.8,24.1,High
09/29/2012 09:00:00,14.0,91.0,106.0,0.0,0.6999,229.0,2.98,0.8,23.6,Low
09/29/2012 15:00:00,18.0,66.0,329.0,0.0,0.8,191.0,2.98,1.0,24.6,Normal
09/30/2012 03:00:00,4.0999,95.0,1.0,0.0,0.6999,67.0,2.98,0.6999,22.0,Low
10/02/2012 16:00:00,13.5,59.0,33.0,0.0,0.3,153.0,2.98,1.1,25.4,Normal
10/04/2012 21:00:00,4.9,90.0,1.0,0.0,0.6999,76.0,2.98,0.8,22.6,Low
10/05/2012 15:00:00,19.9,20.0,276.0,0.0,1.0,97.0,2.98,1.3,24.4,High
10/05/2012 22:00:00,4.0,71.0,1.0,0.0,0.6999,71.0,2.98,0.6999,22.2,Normal
10/14/2012 18:00:00,12.5,95.0,1.0,0.3,1.0,76.0,2.45,1.2,22.9,Low
08/29/2012 02:00:00,11.5,87.0,1.0,0.0,0.6,79.0,2.98,0.6999,23.6,Low
10/18/2012 04:00:00,1.8,95.0,1.0,0.0,1.4,81.0,2.98,1.4,20.7999,Low
08/21/2012 01:00:00,12.9,95.0,1.0,0.0,0.4,90.0,2.98,0.6,24.2,Low
09/07/2011 12:00:00,28.1,38.0,689.0,0.0,1.1,215.0,3.0,1.3,22.2,High
09/04/2011 14:00:00,29.0,25.0,602.0,0.0,0.6999,180.0,3.0,1.0,22.1,High
09/04/2011 23:00:00,11.1,80.0,1.0,0.0,1.1,53.0,3.0,1.1,23.4,Normal
03/10/2011 05:00:00,6.4,96.0,1.0,2.8,0.8999,24.0,0.6399,1.2,22.7,High
11/02/2011 12:00:00,17.1,13.0,365.0,0.0,1.7,97.0,3.0,2.2,24.1,High
09/03/2011 17:00:00,21.2,51.0,22.0,0.0,0.3,303.0,3.0,0.5,22.6,High
03/11/2011 12:00:00,9.1,59.0,281.0,0.0,1.2,98.0,0.8299,1.8,23.7999,High
07/10/2011 20:00:00,15.1,67.0,2.0,0.0,0.0,15.0,3.0,0.5,25.5,High
03/12/2011 08:00:00,8.6999,60.0,43.0,0.1,1.4,77.0,1.0,1.8,22.9,High
08/30/2011 16:00:00,15.1,65.0,99.0,0.0,0.3,54.0,3.0,0.6,24.0,Normal
07/15/2011 21:00:00,14.5,88.0,1.0,0.0,0.5,237.0,3.0,0.6,25.6,Low
07/15/2011 23:00:00,13.4,93.0,1.0,0.0,0.2,316.0,3.0,0.4,25.5,Low
08/31/2011 08:00:00,10.2,77.0,140.0,0.0,0.6999,108.0,3.0,0.8999,22.0,Low
07/17/2011 04:00:00,11.1,95.0,3.0,0.0,0.6,74.0,3.0,0.8,24.2999,Low
07/17/2011 23:00:00,9.8,97.0,1.0,0.0,0.6999,73.0,3.0,0.8,23.7,Low
07/18/2011 11:00:00,18.7,72.0,529.0,0.0,0.8999,210.0,3.0,1.1,24.4,Normal
07/18/2011 14:00:00,17.1,77.0,175.0,0.0,0.1,294.0,3.0,0.6,24.7999,Normal
07/18/2011 21:00:00,13.4,92.0,1.0,0.0,0.2,56.0,3.0,0.5,25.4,Low
07/19/2011 04:00:00,11.2,96.0,2.0,0.0,0.2,114.0,3.0,0.5,23.9,Low
05/29/2011 00:00:00,5.6999,95.0,1.0,0.0,0.6,82.0,2.46,0.6999,23.6,Low
05/29/2011 05:00:00,8.3,93.0,12.0,0.0,0.3,305.0,1.67,0.5,23.7999,Normal
07/22/2011 02:00:00,7.4,94.0,1.0,0.0,0.5,89.0,3.0,0.6,22.9,Low
07/23/2011 18:00:00,19.7,61.0,22.0,0.0,0.6,339.0,3.0,0.6,23.6,High
09/10/2011 13:00:00,29.4,38.0,623.0,0.0,1.2,197.0,3.0,1.3,22.1,High
09/13/2011 13:00:00,17.2,77.0,418.0,0.0,1.3,208.0,3.0,1.4,23.9,Normal
11/10/2011 06:00:00,1.0,90.0,0.0,0.0,1.0,58.0,3.0,1.0,20.6,Low
09/11/2011 09:00:00,21.2999,58.0,485.0,0.0,0.3,200.0,3.0,0.5,24.1,Normal
09/11/2011 19:00:00,19.7999,71.0,1.0,0.0,0.5,64.0,3.0,0.5,23.5,High
09/12/2011 14:00:00,21.7999,63.0,519.0,0.0,1.3,217.0,3.0,1.4,22.6,Normal
11/06/2011 23:00:00,2.5999,93.0,0.0,0.0,0.4,73.0,2.47,0.4,21.1,Low
11/07/2011 06:00:00,1.9,95.0,1.0,0.0,0.4,67.0,2.0699,0.4,20.9,Low
11/14/2011 23:00:00,-1.3,97.0,0.0,0.0,0.6999,73.0,0.15,0.8,20.0,Low
06/02/2011 23:00:00,8.1999,97.0,1.0,0.0,1.3,101.0,2.99,1.3,24.0,Low
07/28/2011 03:00:00,7.4,95.0,1.0,0.0,0.8999,58.0,2.45,0.8999,22.6,Low
07/27/2011 12:00:00,16.7999,75.0,285.0,0.0,0.5,194.0,3.0,0.8,25.2,Normal
09/17/2011 09:00:00,9.5,95.0,47.0,0.6999,0.8,87.0,3.0,1.0,21.7,Low
11/04/2011 07:00:00,0.0,98.0,20.0,0.0,0.2,105.0,1.46,0.4,20.4,Low
09/20/2011 12:00:00,24.2,40.0,646.0,0.0,0.4,228.0,3.0,0.8999,22.4,Normal
09/20/2011 13:00:00,24.7999,35.0,604.0,0.0,0.3,218.0,3.0,0.8,22.4,High
09/21/2011 10:00:00,18.1,74.0,300.0,0.0,0.5,81.0,3.0,0.8,23.7999,Low
11/08/2011 04:00:00,3.3,96.0,0.0,0.0,0.8,99.0,0.7699,0.8,21.1,Low
11/09/2011 22:00:00,3.7,86.0,0.0,0.0,0.8999,86.0,3.0,0.8999,21.2999,Low
11/11/2011 21:00:00,1.9,96.0,0.0,0.0,0.3,170.0,2.15,0.5,20.6,Normal
11/13/2011 14:00:00,4.8,94.0,28.0,0.2,0.3,80.0,0.22,0.4,21.2999,Normal
05/27/2011 09:00:00,9.6,80.0,570.0,0.0,0.4,268.0,2.8,1.3,23.9,High
07/20/2011 20:00:00,15.0,82.0,1.0,0.0,0.1,269.0,3.0,0.4,24.7999,Low
11/28/2011 08:00:00,0.5,98.0,54.0,0.0,0.3,102.0,1.04,0.4,20.9,Low
06/06/2011 05:00:00,10.6,93.0,48.0,0.0,0.1,175.0,2.99,0.5,19.9,Low
06/06/2011 19:00:00,16.9,70.0,22.0,0.0,0.6,223.0,2.99,0.8,19.7999,Normal
08/05/2011 19:00:00,16.2999,80.0,4.0,0.0,0.4,299.0,3.0,0.5,23.7,Low
08/06/2011 18:00:00,16.5,83.0,44.0,0.0,0.3,332.0,3.0,0.4,24.1,Normal
08/01/2011 06:00:00,11.9,92.0,161.0,0.0,0.2,30.0,3.0,0.5,23.1,Low
08/01/2011 19:00:00,17.5,71.0,6.0,0.0,0.6,59.0,3.0,0.6,24.1,Normal
06/15/2011 11:00:00,11.6,72.0,630.0,0.1,1.0,210.0,3.0,1.3,23.2,Normal
06/21/2011 16:00:00,23.4,50.0,398.0,0.0,0.3,255.0,3.0,0.6999,23.0,High
09/03/2008 10:00:00,16.4,66.0,659.0,0.0,1.1,188.0,2.99,1.4,24.1,Normal
11/15/2008 01:00:00,5.0999,95.0,0.0,0.0,1.0,77.0,2.99,1.0,22.5,Low
07/30/2008 18:00:00,13.1,71.0,20.0,0.0,0.6,32.0,2.99,0.8,24.0,Normal
07/31/2008 07:00:00,8.1999,88.0,370.0,0.0,1.2,92.0,2.99,1.3,21.5,Low
11/08/2008 13:00:00,10.6,95.0,39.0,1.7,0.8999,75.0,2.99,1.0,23.9,Normal
11/08/2008 17:00:00,9.1999,95.0,0.0,0.0,1.6,87.0,2.99,1.7,23.7,Normal
07/25/2008 01:00:00,10.7,94.0,1.0,0.0,0.4,71.0,2.99,0.4,21.7999,Low
09/11/2008 06:00:00,6.4,93.0,38.0,0.1,1.1,74.0,2.99,1.1,22.2,Low
09/05/2008 04:00:00,6.9,94.0,0.0,0.0,0.8999,79.0,2.99,0.8999,22.2999,Low
09/05/2008 13:00:00,20.7,59.0,634.0,0.0,1.1,185.0,2.99,1.4,24.7999,Normal
07/25/2008 22:00:00,12.6,81.0,1.0,0.0,0.4,92.0,2.99,0.5,21.7999,Normal
10/25/2008 19:00:00,4.8,95.0,0.0,0.0,0.5,80.0,2.99,0.5,23.2999,Low
10/28/2008 18:00:00,8.3,92.0,0.0,0.0,0.4,82.0,2.99,0.5,24.7,Low
07/31/2008 23:00:00,13.2,95.0,0.0,0.6,0.1,339.0,2.99,0.6,24.2999,Low
08/01/2008 22:00:00,11.9,93.0,0.0,0.0,0.1,157.0,2.99,0.3,23.2999,Low
11/02/2008 15:00:00,7.1999,95.0,38.0,0.0,0.6,50.0,2.99,0.6999,23.7999,Normal
11/03/2008 02:00:00,6.1999,95.0,0.0,2.9,0.5,108.0,2.99,0.6999,22.7999,Normal
11/03/2008 06:00:00,5.9,95.0,0.0,0.4,1.2,97.0,2.99,1.2,22.7999,Normal
11/04/2008 21:00:00,2.7,95.0,0.0,0.0,0.8,94.0,2.99,0.8,21.9,Low
06/30/2008 18:00:00,23.1,69.0,61.0,0.0,0.2,264.0,2.99,0.4,24.5,High
07/01/2008 21:00:00,15.3,76.0,1.0,0.0,0.6,62.0,2.99,0.6999,21.9,Normal
12/24/2008 06:00:00,0.1,95.0,0.0,0.5,1.1,109.0,2.98,1.2,21.6,Normal
12/24/2008 07:00:00,0.2,95.0,0.0,0.6,1.1,100.0,2.98,1.2,21.5,Normal
09/01/2008 00:00:00,6.3,92.0,0.0,0.0,0.5,95.0,2.99,0.6,22.0,Low
12/28/2008 14:00:00,2.4,95.0,42.0,0.0,0.6,79.0,0.11,0.8,22.2999,Normal
09/13/2008 10:00:00,19.7999,61.0,622.0,0.0,1.3,193.0,2.99,1.4,24.2999,Normal
11/09/2008 16:00:00,8.8,95.0,0.0,0.0,0.8,77.0,2.99,0.8999,23.7,Low
11/19/2008 23:00:00,13.3,48.0,0.0,0.0,2.5,101.0,2.99,3.0,23.7999,High
11/20/2008 00:00:00,14.1,45.0,0.0,0.0,2.0,107.0,2.99,2.5999,23.9,High
09/20/2008 20:00:00,10.3,87.0,0.0,0.6999,0.5,225.0,2.99,0.5,22.5,Low
09/20/2008 21:00:00,10.3,86.0,0.0,0.1,0.4,248.0,2.99,0.5,22.4,Low
09/21/2008 03:00:00,9.8999,84.0,0.0,0.0,0.3,84.0,2.99,0.4,22.4,Low
08/08/2008 05:00:00,13.7,95.0,5.0,0.0,0.6999,225.0,2.99,0.6999,24.5,Low
11/29/2008 08:00:00,8.1,95.0,20.0,0.0,0.6999,86.0,0.22,0.6999,23.2999,Low
11/18/2008 19:00:00,5.6999,95.0,0.0,0.0,0.3,94.0,2.99,0.4,23.0,Low
08/06/2008 03:00:00,13.3,95.0,0.0,0.0,0.8,70.0,2.99,0.8999,24.7,Low
08/06/2008 10:00:00,24.4,63.0,506.0,0.0,1.0,220.0,2.99,1.1,24.2999,High
08/05/2008 18:00:00,24.2,58.0,29.0,0.0,0.2,344.0,2.99,0.5,24.1,High
12/05/2008 23:00:00,-0.4,95.0,0.0,0.0,1.9,90.0,2.92,1.9,21.7,Low
08/11/2008 07:00:00,15.2,81.0,237.0,0.0,0.1,155.0,2.99,0.5,24.2,Low
04/27/2011 19:00:00,3.4,96.0,2.0,1.8,0.5,76.0,2.99,0.6999,23.2,Normal
04/28/2011 02:00:00,3.0,96.0,1.0,0.6999,0.2,320.0,2.99,0.6999,22.9,High
04/28/2011 11:00:00,7.0999,80.0,424.0,0.0,0.6999,291.0,2.99,1.2,23.9,High
02/10/2011 03:00:00,1.3,96.0,1.0,0.0,1.1,88.0,2.72,1.1,22.1,Low
03/09/2011 19:00:00,7.4,97.0,1.0,0.0,1.4,93.0,1.21,1.7,22.9,Normal
05/06/2011 00:00:00,9.0,91.0,1.0,0.0,0.2,230.0,2.99,0.5,24.1,Normal
02/12/2011 05:00:00,5.8,72.0,1.0,0.0,0.8999,80.0,1.45,1.4,22.7,Normal
02/27/2011 13:00:00,3.0999,95.0,37.0,1.6,0.4,73.0,1.45,1.0,22.2,Normal
05/06/2011 16:00:00,9.3,93.0,60.0,1.7,0.3,1.0,2.99,0.6,24.6,Normal
04/30/2011 02:00:00,5.4,94.0,1.0,0.1,0.1,2.0,2.8299,0.3,23.6,Low
04/30/2011 23:00:00,3.9,91.0,1.0,0.0,1.4,99.0,2.77,1.4,23.2999,Low
02/12/2011 23:00:00,5.0999,96.0,1.0,0.1,0.6,94.0,1.54,0.8,22.7,Normal
04/11/2011 10:00:00,4.6999,91.0,215.0,0.4,1.2,213.0,1.5,1.4,23.9,High
03/02/2011 02:00:00,4.5999,93.0,1.0,1.9,2.2,99.0,0.73,2.5,22.0,High
03/02/2011 14:00:00,4.1999,95.0,92.0,1.4,0.6,20.0,1.28,0.6999,22.5,High
04/11/2011 14:00:00,6.5999,88.0,343.0,0.6,0.6999,357.0,1.55,1.0,24.4,High
04/11/2011 18:00:00,4.4,94.0,8.0,0.5,0.5,109.0,1.58,1.0,23.9,High
05/02/2011 00:00:00,8.3999,80.0,1.0,0.0,1.2,111.0,2.99,1.3,24.1,Normal
01/05/2011 16:00:00,4.3,96.0,2.0,0.0,1.6,104.0,0.3,1.7,22.0,Normal
01/05/2011 22:00:00,4.4,97.0,1.0,0.0,1.9,100.0,0.2099,1.9,22.1,Normal
07/07/2011 03:00:00,10.1,94.0,1.0,0.0,0.6,74.0,3.0,0.6999,23.7999,Low
01/06/2011 20:00:00,4.6999,97.0,1.0,0.2,1.4,88.0,2.99,1.5,22.6,Low
04/19/2011 09:00:00,6.5,65.0,371.0,0.0,0.6,220.0,2.99,1.4,23.2999,High
04/20/2011 11:00:00,10.3,52.0,605.0,0.0,2.0999,212.0,2.99,2.2,24.4,High
04/22/2011 18:00:00,11.0,56.0,20.0,0.0,0.1,354.0,2.99,0.8999,25.9,High
04/23/2011 02:00:00,0.8,93.0,1.0,0.0,1.7,80.0,2.99,1.8,22.9,Low
07/06/2011 05:00:00,7.5,93.0,24.0,0.0,0.6,78.0,3.0,0.6,23.0,Low
04/24/2011 17:00:00,10.2,73.0,55.0,0.0,0.8,286.0,2.99,1.0,24.7999,High
02/23/2011 21:00:00,0.2,93.0,1.0,0.0,0.3,97.0,1.51,0.6,21.7,High
02/23/2011 22:00:00,0.2,94.0,1.0,0.0,0.2,186.0,1.47,0.6,21.6,High
02/24/2011 01:00:00,-0.3,93.0,1.0,0.0,0.5,114.0,1.3099,0.8,21.5,High
02/22/2011 10:00:00,2.8,90.0,59.0,0.0,1.2,215.0,0.5899,1.3,22.2,High
02/23/2011 13:00:00,2.2,90.0,60.0,1.8,0.6,310.0,1.44,0.8999,22.2999,High
02/13/2011 09:00:00,5.3,92.0,222.0,0.0,1.4,104.0,1.04,1.6,22.2999,Normal
02/13/2011 18:00:00,8.1,82.0,1.0,0.0,1.3,99.0,1.2,1.4,23.7999,Normal
02/13/2011 20:00:00,7.9,95.0,1.0,1.0,1.3,93.0,1.21,1.5,23.2999,Normal
02/13/2011 23:00:00,7.0,91.0,1.0,0.0,1.6,102.0,1.21,1.8,22.9,Normal
02/24/2011 22:00:00,-4.5,82.0,1.0,0.0,1.2,117.0,1.44,1.3,18.6,High
02/25/2011 12:00:00,-0.6,70.0,53.0,0.4,1.5,221.0,1.47,1.6,22.4,High
04/14/2011 15:00:00,6.0,94.0,55.0,2.7,0.4,47.0,1.17,1.1,23.2999,High
04/08/2011 11:00:00,10.6,61.0,773.0,0.0,1.6,208.0,1.1799,1.8,25.2,High
05/03/2011 12:00:00,9.8999,73.0,534.0,0.1,1.0,193.0,2.99,1.5,24.7,High
02/23/2011 14:00:00,2.5,88.0,69.0,1.6,0.6999,298.0,1.48,1.0,22.5,High
04/22/2011 03:00:00,1.1,93.0,1.0,0.0,0.6999,67.0,2.99,0.6999,22.9,Low
04/15/2011 17:00:00,8.3999,92.0,53.0,0.1,1.4,69.0,0.54,1.6,24.0,Normal
04/16/2011 10:00:00,9.6,86.0,404.0,0.0,1.3,227.0,0.41,1.4,24.6,High
04/17/2011 09:00:00,7.5999,54.0,720.0,0.0,1.0,203.0,0.93,1.6,23.7,High
05/02/2011 10:00:00,8.1,92.0,219.0,0.0,1.0,296.0,2.99,1.3,23.7,High
05/02/2011 11:00:00,8.3,90.0,214.0,0.2,1.0,295.0,2.99,1.3,23.9,High
05/02/2011 17:00:00,8.6999,80.0,68.0,0.6,1.0,234.0,2.99,1.1,24.1,High
10/23/2011 22:00:00,4.8,98.0,1.0,0.0,0.2,60.0,3.0,0.5,22.0,Low
02/18/2011 23:00:00,0.2,95.0,1.0,0.0,0.8999,81.0,0.87,0.8999,21.9,Low
10/25/2011 05:00:00,-1.5,96.0,0.0,0.0,0.6,82.0,3.0,0.6999,20.5,Low
02/19/2011 15:00:00,5.6999,61.0,288.0,0.0,0.6999,162.0,0.6399,1.0,25.0,Normal
01/09/2011 11:00:00,2.5999,96.0,44.0,0.0,0.1,180.0,0.98,0.4,22.2,Low
04/10/2011 13:00:00,9.3,83.0,138.0,0.5,1.3,72.0,1.83,1.7,24.4,Normal
04/18/2011 09:00:00,6.5,67.0,301.0,0.0,0.8999,216.0,1.09,1.1,23.2,High
04/27/2011 13:00:00,9.5,68.0,252.0,0.0,1.2,86.0,2.99,1.6,24.1,High
09/01/2011 09:00:00,16.4,65.0,565.0,0.0,0.8999,207.0,3.0,1.2,23.6,Normal
03/28/2008 21:00:00,-0.4,94.0,0.0,0.3,0.3,309.0,2.99,0.5,22.5,High
03/25/2008 19:00:00,2.8,89.0,0.0,0.1,0.1,42.0,3.0,0.5,23.5,Normal
05/13/2008 11:00:00,8.3,94.0,120.0,1.3,0.5,76.0,1.92,0.6999,24.1,Normal
05/10/2011 08:00:00,10.4,78.0,403.0,0.0,1.3,202.0,2.99,1.4,24.2999,Normal
08/05/2008 23:00:00,16.5,90.0,0.0,0.0,0.8,60.0,2.99,0.8,25.0,Normal
12/01/2008 12:00:00,13.9,64.0,117.0,0.0,1.2,278.0,2.97,1.7,24.5,Normal
03/31/2011 09:00:00,9.6999,97.0,24.0,0.6,0.5,14.0,2.99,0.6,24.0,Normal
05/21/2011 09:00:00,11.2,70.0,152.0,0.0,0.3,187.0,2.99,0.6999,24.5,High
08/13/2008 04:00:00,11.5,95.0,0.0,0.0,0.6,80.0,2.99,0.6,24.2,Low
05/15/2011 16:00:00,8.6999,94.0,47.0,0.0,0.6,29.0,1.3099,0.6999,24.0,High
05/15/2011 18:00:00,8.6,96.0,14.0,0.5,0.5,39.0,1.3,0.6999,23.9,Normal
01/20/2011 12:00:00,4.0999,96.0,25.0,1.5,1.4,95.0,0.49,1.5,22.0,Normal
01/20/2011 16:00:00,4.5,96.0,3.0,0.6,1.6,102.0,0.37,1.6,22.2,Normal
05/22/2011 02:00:00,8.1999,97.0,2.0,0.0,0.4,253.0,2.9,0.5,24.0,Low
05/23/2011 10:00:00,11.8,61.0,234.0,0.0,1.0,219.0,2.99,1.2,24.7999,High
02/06/2011 16:00:00,9.1999,94.0,38.0,0.0,0.6999,351.0,0.0799,1.0,23.7999,Normal
02/07/2011 13:00:00,6.4,80.0,62.0,0.0,2.0,223.0,2.99,2.0999,22.7999,High
12/02/2008 21:00:00,5.6999,95.0,0.0,0.0,1.2,93.0,2.97,1.2,23.2,Low
03/21/2011 05:00:00,4.8,94.0,1.0,0.0,0.8999,77.0,1.57,0.8999,22.7999,Low
08/14/2008 06:00:00,12.6,91.0,125.0,0.0,0.6999,89.0,2.99,0.6999,23.5,Low
12/05/2008 05:00:00,-1.2,94.0,0.0,0.0,1.7,103.0,2.5599,1.7,21.5,Low
08/15/2008 05:00:00,12.7,92.0,13.0,0.0,1.0,79.0,2.99,1.0,24.2999,Low
08/03/2008 13:00:00,20.2999,59.0,805.0,0.0,1.2,211.0,2.99,1.5,24.0,Normal
08/04/2008 12:00:00,25.7,52.0,833.0,0.0,1.1,214.0,2.99,1.3,24.9,Normal
08/04/2008 19:00:00,20.0,63.0,4.0,0.0,0.3,96.0,2.99,0.5,23.9,High
08/21/2008 21:00:00,10.0,95.0,0.0,0.0,0.4,76.0,2.99,0.5,23.2,Low
08/22/2008 06:00:00,8.3,92.0,54.0,0.0,1.0,92.0,2.99,1.1,22.2,Low
08/22/2008 15:00:00,22.2999,65.0,531.0,0.0,0.3,200.0,2.99,0.6999,24.7,Normal
10/10/2008 06:00:00,2.3,92.0,8.0,0.0,0.2,67.0,2.99,0.5,22.1,Low
08/26/2008 22:00:00,11.1,95.0,0.0,1.3,1.2,95.0,2.99,1.3,23.4,Low
10/19/2008 10:00:00,9.3,71.0,429.0,0.0,0.8,179.0,2.99,0.8999,23.4,Low
10/20/2008 03:00:00,6.4,93.0,0.0,0.0,1.7,102.0,2.99,1.8,22.6,Low
10/20/2008 18:00:00,6.1999,95.0,0.0,0.1,0.0,152.0,2.99,0.5,22.7,Normal
12/18/2008 00:00:00,-1.4,95.0,0.0,2.3,0.2,139.0,2.97,0.4,21.4,Normal
12/09/2008 02:00:00,2.5,95.0,0.0,0.0,1.3,104.0,0.34,1.3,22.5,Low
12/09/2008 14:00:00,5.3,88.0,30.0,0.0,1.2,110.0,2.97,1.4,22.7999,Normal
12/20/2008 22:00:00,-1.6,91.0,0.0,0.6,2.4,109.0,2.98,2.9,21.2,Normal
08/28/2008 07:00:00,11.8,95.0,38.0,0.3,1.0,107.0,2.99,1.1,22.4,Low
08/24/2008 00:00:00,13.5,94.0,0.0,0.0,1.5,88.0,2.99,1.5,24.6,Low
08/16/2008 19:00:00,24.6,72.0,4.0,0.0,0.2,100.0,2.99,0.4,26.2999,High
08/17/2008 00:00:00,19.7999,90.0,0.0,0.0,0.3,69.0,2.99,0.6,24.2999,Normal
08/18/2008 06:00:00,17.0,87.0,63.0,0.0,1.2,112.0,2.99,1.6,25.0,Low
08/29/2008 10:00:00,20.6,80.0,405.0,0.0,0.1,186.0,2.99,0.6999,24.7,Low
08/29/2008 19:00:00,14.9,93.0,0.0,0.0,0.8,219.0,2.99,0.8999,24.9,Low
10/11/2008 15:00:00,9.1,74.0,159.0,0.0,0.3,161.0,2.99,0.8,26.2,Low
10/11/2008 18:00:00,4.6999,82.0,0.0,0.0,0.2,221.0,2.99,0.4,23.7999,Low
10/12/2008 16:00:00,9.6999,71.0,20.0,0.0,0.3,74.0,2.99,0.4,25.4,Normal
12/10/2008 22:00:00,6.4,95.0,0.0,0.0,0.5,243.0,2.97,0.6,23.2999,Low
12/11/2008 13:00:00,5.0,93.0,59.0,0.0,0.4,262.0,1.78,0.5,23.2999,Low
10/16/2008 23:00:00,9.5,92.0,0.0,0.0,0.6,99.0,2.99,0.8,23.7,Low
10/17/2008 08:00:00,10.8,90.0,116.0,0.0,0.3,92.0,2.99,0.5,23.7999,Low
10/24/2008 22:00:00,6.9,89.0,0.0,0.0,0.2,86.0,2.99,0.5,23.7,Low
08/12/2008 07:00:00,13.1,87.0,326.0,0.0,0.4,76.0,2.99,0.5,22.7,Low
08/12/2008 19:00:00,17.0,76.0,2.0,0.0,0.1,281.0,2.99,0.4,24.2,Low
10/04/2008 23:00:00,7.9,88.0,0.0,0.0,0.3,53.0,2.99,0.6999,22.9,Low
10/05/2008 09:00:00,8.3,87.0,169.0,0.0,0.8999,117.0,2.99,0.8999,22.7,Low
10/05/2008 14:00:00,9.3,94.0,126.0,0.2,0.6999,52.0,2.99,0.6999,23.7999,Low
10/05/2008 19:00:00,8.6,90.0,0.0,0.1,1.3,102.0,2.99,1.3,23.1,Low
12/03/2008 15:00:00,6.6999,92.0,22.0,0.0,0.3,241.0,2.97,0.5,23.7999,Low
12/14/2008 22:00:00,-7.6999,72.0,0.0,0.0,1.9,119.0,0.49,2.3,20.4,Normal
12/12/2008 16:00:00,2.4,95.0,0.0,2.4,0.6999,303.0,0.68,0.8999,22.1,Normal
08/23/2012 03:00:00,10.5,94.0,1.0,0.0,0.6,81.0,2.98,0.6,22.7,Low
09/04/2012 04:00:00,6.4,95.0,1.0,0.0,1.0,69.0,2.98,1.1,22.4,Low
09/05/2012 00:00:00,9.3,95.0,1.0,0.0,0.8,60.0,2.98,0.8999,23.2,Low
08/24/2012 03:00:00,6.3,94.0,1.0,0.0,0.1,82.0,2.98,0.6999,21.6,Low
08/25/2012 22:00:00,12.0,89.0,1.0,0.0,0.6999,52.0,2.98,0.8,24.1,Normal
10/19/2012 21:00:00,8.3999,95.0,1.0,0.3,0.4,227.0,2.98,0.5,22.1,Low
08/26/2012 15:00:00,19.1,67.0,179.0,0.0,0.6,327.0,2.98,0.6999,22.9,Normal
09/06/2012 10:00:00,22.5,57.0,646.0,0.0,1.3,213.0,2.98,1.4,24.1,Normal
08/30/2012 20:00:00,13.0,87.0,1.0,0.0,0.2,242.0,2.98,0.4,24.7,Normal
08/31/2012 18:00:00,14.9,68.0,10.0,0.0,0.6999,14.0,2.98,0.8,24.7,High
09/01/2012 05:00:00,4.5,95.0,6.0,0.0,0.6999,76.0,2.98,0.6999,22.0,Low
09/23/2012 02:00:00,5.9,95.0,1.0,0.0,0.2,91.0,2.98,0.6,22.2999,Low
05/11/2013 13:00:00,26.3,50.0,645.0,0.0,1.4,220.0,3.01,1.4,24.4,High
09/19/2012 12:00:00,24.2999,45.0,636.0,0.0,1.0,233.0,2.98,1.2,23.7,High
09/20/2012 06:00:00,7.0,95.0,26.0,0.0,0.6999,88.0,2.98,0.6999,22.2999,Low
09/20/2012 11:00:00,22.2999,54.0,592.0,0.0,1.2,223.0,2.98,1.3,24.5,Normal
09/10/2012 19:00:00,9.5,82.0,1.0,0.0,0.5,62.0,2.98,0.6999,24.1,Normal
09/13/2012 07:00:00,8.5,89.0,230.0,0.0,0.5,85.0,2.98,0.8,21.7,Low
09/14/2012 02:00:00,8.8999,91.0,1.0,0.0,1.1,63.0,2.98,1.1,23.1,Low
09/15/2012 16:00:00,20.4,55.0,154.0,0.0,0.0,255.0,2.98,0.5,23.7999,High
09/09/2012 18:00:00,13.9,77.0,3.0,0.0,0.6,331.0,2.98,0.8999,25.2,Normal
09/07/2012 20:00:00,16.1,75.0,1.0,0.0,1.0,63.0,2.98,1.0,25.2,Normal
09/08/2012 22:00:00,14.1,92.0,1.0,0.0,0.5,232.0,2.98,0.6999,24.6,Normal
01/08/2009 14:00:00,3.4,95.0,52.0,0.6,0.8,220.0,0.07,0.8999,22.2999,Normal
01/08/2009 21:00:00,0.5,95.0,0.0,0.0,0.8,82.0,0.0799,0.8,21.9,Low
02/20/2009 13:00:00,12.5,40.0,467.0,0.0,1.5,223.0,2.97,1.5,25.5,Normal
02/17/2009 22:00:00,2.5999,90.0,0.0,0.0,1.0,89.0,2.97,1.0,22.6,Low
01/09/2009 20:00:00,-1.2,95.0,0.0,0.0,0.8999,75.0,0.1,1.0,21.6,Low
01/10/2009 17:00:00,1.7,95.0,0.0,1.2,1.6,100.0,0.11,1.7,21.9,Normal
01/10/2009 22:00:00,2.7,95.0,0.0,4.5,1.6,107.0,0.11,1.7,21.7999,Normal
02/27/2009 11:00:00,3.2,75.0,544.0,0.0,0.3,166.0,2.97,0.6,23.0,Normal
01/04/2009 07:00:00,-3.0,89.0,0.0,0.0,1.9,121.0,0.47,2.0999,21.1,Normal
02/23/2009 16:00:00,5.1999,94.0,17.0,1.2,1.3,83.0,2.97,1.7,23.1,High
02/23/2009 17:00:00,5.0999,94.0,13.0,0.0,1.1,80.0,2.97,1.2,22.9,High
02/24/2009 14:00:00,5.8,95.0,70.0,0.4,0.6999,27.0,2.97,0.8999,22.7,Normal
02/16/2009 00:00:00,-2.3,94.0,0.0,0.0,0.4,240.0,2.93,0.5,21.2,Low
02/26/2009 02:00:00,-1.9,93.0,0.0,0.0,0.4,359.0,2.97,0.5,21.4,High
01/15/2009 23:00:00,-1.2,95.0,0.0,0.0,1.6,85.0,2.98,1.6,21.5,Low
03/02/2009 05:00:00,6.8,82.0,0.0,0.0,2.0999,73.0,2.97,2.4,23.0,High
01/17/2009 02:00:00,-1.6,95.0,0.0,0.0,1.4,74.0,2.76,1.4,21.6,Low
01/17/2009 08:00:00,-2.5,93.0,11.0,0.0,1.4,76.0,2.5999,1.4,21.2,Low
01/05/2009 09:00:00,0.6,95.0,2.0,0.1,0.8999,91.0,0.3899,1.0,21.5,Low
02/02/2009 17:00:00,4.6999,74.0,0.0,0.0,1.1,93.0,2.78,1.2,22.9,Normal
04/11/2009 03:00:00,3.9,91.0,0.0,0.0,0.8,137.0,1.2,1.0,22.2,Low
02/04/2009 07:00:00,-1.0,88.0,6.0,0.0,1.5,81.0,2.97,1.5,21.2,Low
